group_size,batch_prompts,algorithm,step,optimizer_steps,sampled_actions,pair_presentations,expected_reward,best_action_probability,entropy,kl_reference,loss,value_loss,clip_fraction,old_policy_kl,zero_group_fraction
2,64,grpo,0,0,0,0,0.23333333333333334,0.3333333333333333,1.0986122886681096,0.0,0.0,0.0,0.0,0.0,0.0
2,64,grpo,1,4,128,0,0.38473070201774473,0.44074788112881674,1.0627041207530619,0.0359081679150477,-0.09133530457942103,0.0,0.6015625,0.03631136969150193,0.359375
2,64,grpo,2,8,256,0,0.5284372252546808,0.5594431562873853,0.9643120013531375,0.1343002873149723,-0.10300808770927691,0.0,0.828125,0.034865864954312,0.34375
2,64,grpo,3,12,384,0,0.6570375219577198,0.673702522085144,0.8214072085551192,0.2772050801129906,-0.0912021719758779,0.0,0.765625,0.03153048778473824,0.3125
2,64,grpo,4,16,512,0,0.7652486341685865,0.7760913358240568,0.6592075689699624,0.4394047196981474,-0.06714921599941488,0.0,0.453125,0.028364932486814,0.5
2,64,grpo,5,20,640,0,0.8442447263727532,0.8526614539698062,0.5044780171742087,0.5941342714939011,-0.03859850361565988,0.0,0.2421875,0.021284433129778298,0.59375
2,64,grpo,6,24,768,0,0.8930967280696257,0.9001378750196001,0.38575933508425764,0.7128529535838521,-0.004794274798116085,0.0,0.1015625,0.011537206760408193,0.796875
2,64,grpo,7,28,896,0,0.9241132499302933,0.9297073388480495,0.29847608852035784,0.800136200147752,-0.002757086219186116,0.0,0.1328125,0.006175918313778068,0.765625
2,64,grpo,8,32,1024,0,0.9427394090131747,0.9473870822424746,0.23971363714663282,0.8588986515214772,0.01712137451143008,0.0,0.0390625,0.0029796224761151754,0.921875
2,64,grpo,9,36,1152,0,0.9547512751048439,0.9586203892495214,0.19888824806012098,0.8997240406079886,0.016263364555719403,0.0,0.0390625,0.0015984636755692744,0.890625
2,64,grpo,10,40,1280,0,0.9629306475621606,0.966187347326515,0.1694309578950378,0.929181330773072,0.02090754800261606,0.0,0.015625,0.000901604405915466,0.921875
2,64,grpo,11,44,1408,0,0.9689293262828936,0.9716658554666987,0.14689330005670012,0.9517189886114096,0.023107759637813793,0.0,0.0078125,0.0005416675387333345,0.921875
2,64,grpo,12,48,1536,0,0.9737283092268494,0.9760605565478089,0.12813043075452904,0.9704818579135809,0.023676493095012425,0.0,0.0,0.00041390054853173894,0.921875
2,64,grpo,13,52,1664,0,0.9769793564898772,0.9790572646862226,0.11481796159166856,0.9837943270764413,0.0284785402041335,0.0,0.0,0.00023153243163536754,0.984375
2,64,grpo,14,56,1792,0,0.9794036963683225,0.9813085941781702,0.1046115932464854,0.9940006954216243,0.02775013902780021,0.0,0.0,0.00013783733513899582,0.953125
2,64,grpo,15,60,1920,0,0.9812026888231831,0.983001821022888,0.09684538704513351,1.0017669016229762,0.02924537696649336,0.0,0.0,8.91350511392443e-05,0.984375
2,64,grpo,16,64,2048,0,0.982325416510049,0.9840662418876077,0.0918852756896025,1.0067270129785073,0.03017304035432099,0.0,0.0,3.9881907552096754e-05,1.0
2,64,grpo,17,68,2176,0,0.9831084457603609,0.9848243094632085,0.08833032719006309,1.0102819614780467,0.029685093395776328,0.0,0.0,2.6049278795442516e-05,0.984375
2,64,grpo,18,72,2304,0,0.9838887251583369,0.9856048263386692,0.08455138389515574,1.014060904772954,0.029442428419440083,0.0,0.0,2.695611385081207e-05,0.96875
2,64,grpo,19,76,2432,0,0.9848646735186867,0.9864829070629405,0.08023961000396346,1.0183726786641463,0.029157326505433567,0.0,0.0,4.669116379769137e-05,0.96875
2,64,grpo,20,80,2560,0,0.9857507778921708,0.9872290240101499,0.07650507365357298,1.022107215014537,0.02958940942599759,0.0,0.0,5.345829963982939e-05,0.984375
2,64,grpo,21,84,2688,0,0.9869916432296659,0.988309151024967,0.07097552891565745,1.0276367597524523,0.024126988951391093,0.0,0.03125,0.00012037742189883289,0.90625
2,64,grpo,22,88,2816,0,0.9879499024871342,0.9891620725366809,0.0664684427472037,1.032143845920906,0.02934317217899204,0.0,0.0078125,8.64355291450444e-05,0.984375
2,64,grpo,23,92,2944,0,0.98870519356167,0.9898176202597442,0.06292444771535523,1.0356878409527546,0.030296614255637597,0.0,0.0,3.8864903645923835e-05,0.96875
2,64,grpo,24,96,3072,0,0.9892410519952263,0.99027695270728,0.060407771191066696,1.038204517477043,0.031166248703509012,0.0,0.0,1.8511855700873497e-05,1.0
2,64,grpo,25,100,3200,0,0.98954270158293,0.99053525516908,0.05896862616196597,1.0396436625061436,0.031175453149589794,0.0,0.0,6.803971751561335e-06,1.0
2,64,grpo,26,104,3328,0,0.9897013752219898,0.9906700403267421,0.05819938246198177,1.0404129062061278,0.03119271014818186,0.0,0.0,2.5111807173026864e-06,1.0
2,64,grpo,27,108,3456,0,0.9897691157724371,0.9907258253543793,0.05786072511136486,1.0407515635567448,0.03118136954004121,0.0,0.0,9.291554493020274e-07,1.0
2,64,grpo,28,112,3584,0,0.9897733168893448,0.9907263122236825,0.0578209734685968,1.0407913151995132,0.031017700922381042,0.0,0.0,4.5472819823063116e-07,1.0
2,64,grpo,29,116,3712,0,0.9899467920690979,0.9908902879313024,0.056914324664931314,1.0416979640031787,0.03059983176784388,0.0,0.0,5.5633335378584846e-06,0.96875
2,64,grpo,30,120,3840,0,0.9903673594039623,0.9913108072640768,0.05472341567355456,1.0438888729945552,0.030470992497882054,0.0,0.0,1.685787780616969e-05,0.96875
2,64,grpo,31,124,3968,0,0.9909415143319196,0.9918443710562233,0.05192646869162068,1.046685819976489,0.030022744501976326,0.0,0.0,3.1069302415775246e-05,0.96875
2,64,grpo,32,128,4096,0,0.9913596603295833,0.9922216589760777,0.04990333526915381,1.0487089533989562,0.03152240282414038,0.0,0.0,2.04319966703961e-05,1.0
2,64,grpo,33,132,4224,0,0.9915873001883142,0.9924281562197965,0.048776303408384486,1.0498359852597252,0.0314340415574062,0.0,0.0,7.40753776908216e-06,1.0
2,64,grpo,34,136,4352,0,0.9918322669463253,0.9926630401801695,0.047539236977795885,1.051073051690314,0.031188873227588808,0.0,0.0,6.5976274210380026e-06,0.984375
2,64,grpo,35,140,4480,0,0.9922147532582579,0.992992770316613,0.04583383480935903,1.0527784538587506,0.03108073359699832,0.0,0.0,1.3953947717067773e-05,0.984375
2,64,grpo,36,144,4608,0,0.9925169370181198,0.9932423276959104,0.04453366146014302,1.0540786272079667,0.03161898080969951,0.0,0.0,9.872530349692825e-06,1.0
2,64,grpo,37,148,4736,0,0.9927511492738214,0.9934306934000926,0.04349471387833439,1.0551175747897754,0.03134204672188104,0.0,0.0,4.97109531590244e-06,0.984375
2,64,grpo,38,152,4864,0,0.9929107948018265,0.9935561385724185,0.042778695583383555,1.0558335930847262,0.03166994011719943,0.0,0.0,3.079537770047263e-06,1.0
2,64,grpo,39,156,4992,0,0.9929916367990097,0.9936171098860653,0.0424255884730563,1.0561867001950536,0.031668919599674106,0.0,0.0,1.0938846541012442e-06,1.0
2,64,grpo,40,160,5120,0,0.9931798353406068,0.9937555379516267,0.041671121783932216,1.0569411668841775,0.03132681300483843,0.0,0.0,5.2433883892046124e-06,0.984375
2,64,grpo,41,164,5248,0,0.9934815476026697,0.9939790178140167,0.04044698997795862,1.058165298690151,0.030790906068239445,0.0,0.0,1.6643802680543936e-05,0.984375
2,64,grpo,42,168,5376,0,0.9936981844233738,0.9941386672421445,0.03955419804284756,1.0590580906252625,0.03184396064150824,0.0,0.0,1.0810100436360475e-05,1.0
2,64,grpo,43,172,5504,0,0.9940258504438486,0.994403762517269,0.03795704638013493,1.0606552422879747,0.029546460433254897,0.0,0.0,2.0706701076765836e-05,0.953125
2,64,grpo,44,176,5632,0,0.9944615626727662,0.9947781059299284,0.035705368941939805,1.06290691972617,0.03041631395978544,0.0,0.0078125,2.950172846671502e-05,0.96875
2,64,grpo,45,180,5760,0,0.9948135865243389,0.9950836513057754,0.033829866276422926,1.0647824223916866,0.03098338481155384,0.0,0.0,2.05079441080913e-05,0.984375
2,64,grpo,46,184,5888,0,0.9950247581663647,0.9952656262229345,0.0326809598160157,1.065931328852094,0.03200232303439552,0.0,0.0,9.251670939269829e-06,1.0
2,64,grpo,47,188,6016,0,0.9952137100272224,0.9954398380858736,0.031610539748993804,1.067001748919116,0.03144405044953215,0.0,0.0,7.422680858579431e-06,0.984375
2,64,grpo,48,192,6144,0,0.9953526657789515,0.9955700562473508,0.030809220568931137,1.0678030680991786,0.03200514347226214,0.0,0.0,5.229060206592472e-06,1.0
2,64,grpo,49,196,6272,0,0.9954279360743075,0.9956393160719575,0.030373222817421316,1.0682390658506884,0.03207610173535139,0.0,0.0,2.0544566199325975e-06,1.0
2,64,grpo,50,200,6400,0,0.9955629008184357,0.9957563894820621,0.029654809224413978,1.0689574794436958,0.03154355090899813,0.0,0.0,3.300876508161663e-06,0.984375
2,64,grpo,51,204,6528,0,0.9956803637293381,0.9958573921441711,0.029032010517507242,1.0695802781506027,0.03204342510689805,0.0,0.0,3.4924616619067362e-06,1.0
2,64,grpo,52,208,6656,0,0.9957428678063647,0.995910124303542,0.028701307372184084,1.0699109812959258,0.03213345554855042,0.0,0.0,1.215208153715075e-06,1.0
2,64,grpo,53,212,6784,0,0.9958347175240161,0.9960030235882408,0.028142642433891824,1.0704696462342178,0.031817186808192816,0.0,0.0,2.5661868266364194e-06,0.984375
2,64,grpo,54,216,6912,0,0.995967959027146,0.9961307648268226,0.027356968125442915,1.0712553205426667,0.03147319883208682,0.0,0.0,6.994331410393499e-06,0.984375
2,64,grpo,55,220,7040,0,0.9961572563070371,0.9963276621918848,0.0261828684662972,1.0724294202018125,0.03166037862601996,0.0,0.0,9.851267117870779e-06,0.984375
2,64,grpo,56,224,7168,0,0.9963068673258475,0.9964885994491846,0.025221672524586874,1.073390616143523,0.03229226691848337,0.0,0.0,8.000087547960741e-06,1.0
2,64,grpo,57,228,7296,0,0.9964742504104585,0.9966444366105494,0.024281757218850484,1.0743305314492593,0.031922129938655286,0.0,0.0,4.6235797774252265e-06,0.984375
2,64,grpo,58,232,7424,0,0.996681351571426,0.9968458693935303,0.02306331648778564,1.075548972180324,0.03148976589914357,0.0,0.0,1.0810197260664895e-05,0.984375
2,64,grpo,59,236,7552,0,0.99690075152028,0.9970505770877393,0.021804373673418066,1.0768079149946916,0.0316401398265944,0.0,0.0,1.1976579792254807e-05,0.984375
2,64,grpo,60,240,7680,0,0.9970585587654323,0.9971931983133688,0.020913462651372637,1.0776988260167375,0.03233499707612834,0.0,0.0,6.443390636166315e-06,1.0
2,64,grpo,61,244,7808,0,0.997150338459822,0.9972760026934733,0.020390709537793025,1.0782215791303167,0.032370861676601415,0.0,0.0,2.4212737398815654e-06,1.0
2,64,grpo,62,248,7936,0,0.9972475093224494,0.9973730878702329,0.019778296647173593,1.0788339920209362,0.03198130126559999,0.0,0.0,2.781448901840656e-06,0.984375
2,64,grpo,63,252,8064,0,0.9973248231998886,0.997452623463398,0.019272844829989415,1.0793394438381203,0.03237637624972486,0.0,0.0,2.616545725502936e-06,1.0
2,64,grpo,64,256,8192,0,0.997369026409023,0.997498060812006,0.018982089517786276,1.0796301991503234,0.032390784294492,0.0,0.0,9.849154127738242e-07,1.0
2,64,grpo,65,260,8320,0,0.9974421795994675,0.9975775538236616,0.018468103486323578,1.0801441851817861,0.03182979298919716,0.0,0.0,3.481627499669764e-06,0.984375
2,64,grpo,66,264,8448,0,0.9975050007385731,0.9976463231673367,0.018016035188613836,1.080596253479496,0.03240050054523963,0.0,0.0,3.6200485158267406e-06,1.0
2,64,grpo,67,268,8576,0,0.9975392780218959,0.9976840820355207,0.01776426421314479,1.0808480244549648,0.03242268026925813,0.0,0.0,1.3424253290559672e-06,1.0
2,64,grpo,68,272,8704,0,0.9975567746511528,0.9977038002255635,0.017631256240583242,1.0809810324275266,0.03244199361044201,0.0,0.0,5.084925585737853e-07,1.0
2,64,grpo,69,276,8832,0,0.9975639661748021,0.9977124995633899,0.01757160763346594,1.081040681034644,0.03243153900457037,0.0,0.0,1.9738058401701034e-07,1.0
2,64,grpo,70,280,8960,0,0.9976004174422487,0.9977536187515023,0.017299210045007826,1.081313078623102,0.0320160228584724,0.0,0.0,1.6502068540343472e-06,0.984375
2,64,grpo,71,284,9088,0,0.997635589680002,0.997793271083638,0.017033319215327122,1.0815789694527824,0.03244158111933071,0.0,0.0,1.953306284076162e-06,1.0
2,64,grpo,72,288,9216,0,0.9976528355143877,0.9978133577214252,0.01689600471892794,1.0817162839491818,0.03241391532444763,0.0,0.0,7.720257969335563e-07,1.0
2,64,grpo,73,292,9344,0,0.9976879313472637,0.9978525979652385,0.01662511036793801,1.0819871783001718,0.03180050562814606,0.0,0.0,2.7074496808994163e-06,0.984375
2,64,grpo,74,296,9472,0,0.997717743074511,0.997885755804958,0.016391121340815072,1.0822211673272948,0.03248453260626414,0.0,0.0,2.3597338102861287e-06,1.0
2,64,grpo,75,300,9600,0,0.9977315169986745,0.9979015865367004,0.01627524319481452,1.0823370454732952,0.032458016755094306,0.0,0.0,9.155474418863821e-07,1.0
2,64,grpo,76,304,9728,0,0.9977357582204704,0.9979072502072338,0.01622983163800114,1.0823824570301088,0.03245401049207892,0.0,0.0,3.7239631722894497e-07,1.0
2,64,grpo,77,308,9856,0,0.997734957203798,0.9979075008676666,0.01622315363449494,1.082389135033615,0.03254411407229505,0.0,0.0,1.5391125683991118e-07,1.0
2,64,grpo,78,312,9984,0,0.9977309720714729,0.9979043519196984,0.01624107397275696,1.0823712146953528,0.03249838435237117,0.0,0.0,6.998373779111877e-08,1.0
2,64,grpo,79,316,10112,0,0.997724595288355,0.9978987008676602,0.016276755520860792,1.082335533147249,0.032489467410787155,0.0,0.0,3.938625348484679e-08,1.0
2,64,grpo,80,320,10240,0,0.9977161539420809,0.9978909430118514,0.01632683836760527,1.0822854503005046,0.03244402264328997,0.0,0.0,3.1145684809501895e-08,1.0
2,64,grpo,81,324,10368,0,0.9977062103132152,0.9978816596319621,0.01638729554017616,1.0822249931279337,0.0324591836675968,0.0,0.0,3.091214928444965e-08,1.0
2,64,grpo,82,328,10496,0,0.9976958570904483,0.9978719286146742,0.016451247654379487,1.0821610410137303,0.03251221900127178,0.0,0.0,2.7895258799747474e-08,1.0
2,64,grpo,83,332,10624,0,0.9976846599118134,0.997861350975084,0.016520836361023944,1.0820914523070857,0.0324314042855839,0.0,0.0,3.053427725984419e-08,1.0
2,64,grpo,84,336,10752,0,0.9976724003082853,0.9978497283577668,0.016597083875877477,1.0820152047922322,0.03242989934057105,0.0,0.0,3.629454986834239e-08,1.0
2,64,grpo,85,340,10880,0,0.997659493287231,0.9978374703515331,0.01667736170445527,1.0819349269636545,0.03244000960136798,0.0,0.0,3.979782787113223e-08,1.0
2,64,grpo,86,344,11008,0,0.9976463567656563,0.9978249824387256,0.016759172890114332,1.0818531157779954,0.03245752237819882,0.0,0.0,4.0313631525577814e-08,1.0
2,64,grpo,87,348,11136,0,0.9976326852874394,0.9978119661172992,0.01684435859146221,1.0817679300766474,0.03241740603198244,0.0,0.0,4.364162537928542e-08,1.0
2,64,grpo,88,352,11264,0,0.9976185231645238,0.9977984727483583,0.016932471298061087,1.0816798173700486,0.03242831280802584,0.0,0.0,4.705124532625544e-08,1.0
2,64,grpo,89,356,11392,0,0.9976044636106364,0.9977850771352896,0.017020041757476127,1.0815922469106336,0.0324674297278954,0.0,0.0,4.4994745191745854e-08,1.0
2,64,grpo,90,360,11520,0,0.9975905390028562,0.9977718063527664,0.017106984003039897,1.08150530466507,0.03245850133163002,0.0,0.0,4.290755377038517e-08,1.0
2,64,grpo,91,364,11648,0,0.9975765760216927,0.9977584968380213,0.01719422969639116,1.0814180589717188,0.032455464642901784,0.0,0.0,4.243353457424609e-08,1.0
2,64,grpo,92,368,11776,0,0.9975625159440555,0.9977450949207747,0.017282049763167526,1.0813302389049424,0.03245365204944525,0.0,0.0,4.257082797096623e-08,1.0
2,64,grpo,93,372,11904,0,0.9975484543531079,0.9977316899667766,0.017369944922575004,1.0812423437455347,0.03246297484780279,0.0,0.0,4.196494770053594e-08,1.0
2,64,grpo,94,376,12032,0,0.9975339027373122,0.9977178067184016,0.017460826382509426,1.0811514622856004,0.0324227137524326,0.0,0.0,4.5074724629588475e-08,1.0
2,64,grpo,95,380,12160,0,0.9975189182131491,0.9977035053648617,0.01755424814161017,1.0810580405264998,0.03243889087881913,0.0,0.0,4.799546388582765e-08,1.0
2,64,grpo,96,384,12288,0,0.997503987531714,0.997689254028927,0.01764741834361921,1.0809648703244905,0.032459704072108846,0.0,0.0,4.6758681578424145e-08,1.0
2,64,grpo,97,388,12416,0,0.9974889277589956,0.9976748820294478,0.017741265115725952,1.0808710235523837,0.032437665321887264,0.0,0.0,4.7126088776953805e-08,1.0
2,64,grpo,98,392,12544,0,0.9974989120933616,0.997686575709289,0.017646587781090246,1.0809657008870195,0.03197630654636395,0.0,0.0,1.1367678213881443e-06,0.984375
2,64,grpo,99,396,12672,0,0.9975102302797314,0.9976994516119273,0.017539960468693112,1.0810723281994168,0.032413030851580385,0.0,0.0,1.4157998423130963e-06,1.0
2,64,grpo,100,400,12800,0,0.9975607516054734,0.9977545715225952,0.017133506003553352,1.0814787826645562,0.03152753968763658,0.0,0.0,5.122809681326803e-06,0.984375
2,64,grpo,101,404,12928,0,0.9976037121612069,0.9978008914855571,0.016780981794886272,1.0818313068732237,0.03241675692992819,0.0,0.0,5.253922421941739e-06,1.0
2,64,grpo,102,408,13056,0,0.997621613647425,0.9978205536979708,0.016617838554736496,1.0819944501133734,0.03242297258324057,0.0,0.0,1.8978433154140542e-06,1.0
2,64,grpo,103,412,13184,0,0.9976455824331427,0.9978457706327708,0.016410009283011222,1.0822022793850987,0.031880274304112596,0.0,0.0,1.9248891895333263e-06,0.984375
2,64,grpo,104,416,13312,0,0.9976631772357659,0.9978641329836395,0.016251623211728183,1.0823606654563815,0.032489885215003976,0.0,0.0,1.5521009462044833e-06,1.0
2,64,grpo,105,420,13440,0,0.9977292747422106,0.9979193393734849,0.0158410823920229,1.0827712062760868,0.03174028969855611,0.0,0.0,3.56811669565734e-06,0.984375
2,64,grpo,106,424,13568,0,0.9978304091762982,0.998015129322334,0.015150389303942559,1.0834618993641674,0.031471275774430936,0.0,0.0,1.102075800819933e-05,0.984375
2,64,grpo,107,428,13696,0,0.9978970900782023,0.9980812830796504,0.01465928119365674,1.0839530074744528,0.032519339870017525,0.0,0.0,7.253400852225346e-06,1.0
2,64,grpo,108,432,13824,0,0.9980223901570512,0.998190174397376,0.013934063975456244,1.0846782246926536,0.03211877110111186,0.0,0.0,5.131275425072749e-06,0.984375
2,64,grpo,109,436,13952,0,0.9981363154143823,0.9982875137116682,0.013294247451822627,1.0853180412162868,0.032525266066105146,0.0,0.0,4.223551106404427e-06,1.0
2,64,grpo,110,440,14080,0,0.9982021905478817,0.9983437810913283,0.012920085987456626,1.085692202680653,0.032587879301324375,0.0,0.0,1.5477166834548835e-06,1.0
2,64,grpo,111,444,14208,0,0.998240281426859,0.9983760983013337,0.012703391790637794,1.085908896877472,0.03259314791573635,0.0,0.0,5.659598052488711e-07,1.0
2,64,grpo,112,448,14336,0,0.9982610356551369,0.9983933185283306,0.012586684709440004,1.08602560395867,0.032561577377311975,0.0,0.0,1.945654958098656e-07,1.0
2,64,grpo,113,452,14464,0,0.998271271323897,0.9984013745863793,0.012531252312306104,1.0860810363558036,0.03261670632919722,0.0,0.0,6.366993784185831e-08,1.0
2,64,grpo,114,456,14592,0,0.9982749549339858,0.9984037310875642,0.012514178316650654,1.086098110351459,0.03260856863745847,0.0,0.0,2.0855185291436767e-08,1.0
2,64,grpo,115,460,14720,0,0.9982740544859867,0.9984020335668836,0.01252416200042936,1.0860881266676805,0.03258422738790265,0.0,0.0,1.0065816382581012e-08,1.0
2,64,grpo,116,464,14848,0,0.9982701648483043,0.9983976867641986,0.012551837176901288,1.0860604514912087,0.032600386413350176,0.0,0.0,1.127336591424464e-08,1.0
2,64,grpo,117,468,14976,0,0.9982637153955157,0.9983909866083126,0.012594779739372265,1.0860175089287376,0.03254069776416018,0.0,0.0,1.9381501544281876e-08,1.0
2,64,grpo,118,472,15104,0,0.9982917677892698,0.9984097105628307,0.012444444011742044,1.0861678446563676,0.03191400911214864,0.0,0.0,1.6576304655925886e-06,0.984375
2,64,grpo,119,476,15232,0,0.9983198320159083,0.9984286586235953,0.012288621361035038,1.0863236673070746,0.03262772512506861,0.0,0.0,1.9476359192106437e-06,1.0
2,64,grpo,120,480,15360,0,0.9983326872598828,0.998436344595987,0.012217596370323821,1.086394692297786,0.032628348275404215,0.0,0.0,7.353192097465252e-07,1.0
4,32,grpo,0,0,0,0,0.23333333333333334,0.3333333333333333,1.0986122886681096,0.0,0.0,0.0,0.0,0.0,0.0
4,32,grpo,1,4,128,0,0.3752133567182001,0.41714624274615775,1.066871395289822,0.03174089337828787,-0.1125673854311459,0.0,0.6328125,0.033618355185590185,0.125
4,32,grpo,2,8,256,0,0.5127345757556635,0.5331265646026505,0.991210356646752,0.10740193202135764,-0.13064540022443147,0.0,0.75,0.02978185244954419,0.03125
4,32,grpo,3,12,384,0,0.6491867718394856,0.6627801085608163,0.8548467182306796,0.2437655704374303,-0.1522623944970968,0.0,1.0,0.03614548769945255,0.03125
4,32,grpo,4,16,512,0,0.7626299401100651,0.7734912439928131,0.6814826906897172,0.41712959797839244,-0.10383431122991423,0.0,0.3203125,0.031954887045857916,0.21875
4,32,grpo,5,20,640,0,0.8437215404542687,0.8517150173444737,0.5164013765929605,0.5822109120751493,-0.06115861716390293,0.0,0.2265625,0.021623036805781128,0.375
4,32,grpo,6,24,768,0,0.8944087482094212,0.9003831549770036,0.3894239530855983,0.7091883355825115,-0.02632423366522178,0.0,0.1484375,0.011908393417831587,0.5625
4,32,grpo,7,28,896,0,0.9257393708416238,0.9304746744817625,0.29796883562156,0.8006434530465498,-0.013996435969987408,0.0,0.1171875,0.00635350709008678,0.625
4,32,grpo,8,32,1024,0,0.9458156358691797,0.9497446168180129,0.23243272342758037,0.8661795652405293,-0.0011878711089535025,0.0,0.0859375,0.003584457507125705,0.71875
4,32,grpo,9,36,1152,0,0.9574948691290486,0.9607836809640564,0.19137661076929224,0.9072356778988175,0.024302403566956933,0.0,0.0078125,0.0015536358330541517,0.96875
4,32,grpo,10,40,1280,0,0.9648037018652151,0.9676703248137228,0.1640451824943333,0.9345671061737766,0.02161065369471604,0.0,0.0078125,0.0007605287336342414,0.90625
4,32,grpo,11,44,1408,0,0.9702815982182009,0.9729445119019537,0.14196036034904538,0.9566519283190644,0.016573699573379966,0.0,0.03125,0.0005883753202393122,0.84375
4,32,grpo,12,48,1536,0,0.974585730747245,0.9770212692446477,0.1240426929378468,0.9745695957302631,0.02182758471444417,0.0,0.0078125,0.00041903196781188477,0.875
4,32,grpo,13,52,1664,0,0.9782164241804012,0.980392364868705,0.10872045185842816,0.9898918368096818,0.02112219090544501,0.0,0.0234375,0.0003349611402932285,0.875
4,32,grpo,14,56,1792,0,0.9808584895379766,0.9828685766674858,0.09702488969086784,1.001587398977242,0.025601150632627898,0.0,0.0078125,0.00023283429286066398,0.9375
4,32,grpo,15,60,1920,0,0.9824779597055897,0.9843914407787377,0.0895936376978832,1.0090186509702268,0.03054874991111164,0.0,0.0,0.00010363454630098168,1.0
4,32,grpo,16,64,2048,0,0.9839142030288325,0.9856644952590261,0.08332188117195187,1.015290407496158,0.02731301333724781,0.0,0.0,6.987110155825953e-05,0.90625
4,32,grpo,17,68,2176,0,0.985322632974484,0.9868904054603064,0.07728117717555211,1.0213311114925574,0.028187263168497265,0.0,0.0,6.500102357875068e-05,0.9375
4,32,grpo,18,72,2304,0,0.9866431641523645,0.9880754857610672,0.07149393479959096,1.027118353868519,0.02887542799529191,0.0,0.0,6.52551151498252e-05,0.9375
4,32,grpo,19,76,2432,0,0.987858414738825,0.9892225103186292,0.06587404765348287,1.032738241014627,0.027953862261175126,0.0,0.0,7.637415588893542e-05,0.9375
4,32,grpo,20,80,2560,0,0.9888437818429683,0.9901580751612593,0.0610753413372376,1.0375369473308722,0.02865408059524254,0.0,0.0,5.626051276688998e-05,0.9375
4,32,grpo,21,84,2688,0,0.9894893545579415,0.9907673818908966,0.0578424382525841,1.0407698504155256,0.03123529671035231,0.0,0.0,2.8583960011479736e-05,1.0
4,32,grpo,22,88,2816,0,0.9898677614676195,0.9911248207479433,0.05591583227560133,1.0426964563925085,0.031013003724474075,0.0,0.0,1.0845035441357841e-05,1.0
4,32,grpo,23,92,2944,0,0.9901649284377678,0.9914099174844412,0.05433652422580826,1.0442757644423017,0.03036606661447516,0.0,0.0,9.215573240527138e-06,0.96875
4,32,grpo,24,96,3072,0,0.9903692940712673,0.9916077110250467,0.05321592635722505,1.0453963623108846,0.03131094643032167,0.0,0.0,6.310368597890986e-06,1.0
4,32,grpo,25,100,3200,0,0.9906927296093376,0.9919263109681928,0.05149501966444586,1.0471172690036639,0.029769355702139382,0.0,0.0,1.1420147027246452e-05,0.9375
4,32,grpo,26,104,3328,0,0.9909792039036127,0.9922104742996555,0.049958762461490704,1.048653526206619,0.031487089461733085,0.0,0.0,1.0550157973599051e-05,1.0
4,32,grpo,27,108,3456,0,0.9911422800689199,0.9923742594379432,0.04906152759969151,1.0495507610684183,0.03156289958057312,0.0,0.0,4.040482097811035e-06,1.0
4,32,grpo,28,112,3584,0,0.9912286413371546,0.9924635522224828,0.04856569955338742,1.0500465891147224,0.03152727679501611,0.0,0.0,1.5185458747381987e-06,1.0
4,32,grpo,29,116,3712,0,0.9915311332787526,0.9927788546437644,0.04692719015504615,1.0516850985130635,0.028806824546409215,0.0,0.0,2.1438344990992595e-05,0.9375
4,32,grpo,30,120,3840,0,0.9918106939061959,0.9930679585298691,0.045394333212995755,1.053217955455114,0.03159854479336802,0.0,0.0,2.177460899863018e-05,1.0
4,32,grpo,31,124,3968,0,0.9920976771830855,0.9933277773392406,0.043993229297035204,1.0546190593710747,0.030754596365241436,0.0,0.0,1.6472486332622795e-05,0.96875
4,32,grpo,32,128,4096,0,0.9923167795188379,0.9935172108831578,0.04295373284130223,1.0556585558268077,0.03158047699489832,0.0,0.0,1.0112210056979796e-05,1.0
4,32,grpo,33,132,4224,0,0.9924339002768288,0.9936190754044455,0.0423844907818976,1.056227797886212,0.03169552557135834,0.0,0.0,3.92835150167379e-06,1.0
4,32,grpo,34,136,4352,0,0.9924917113602625,0.9936700179200727,0.04209481945063655,1.0565174692174732,0.031758732482894896,0.0,0.0,1.5667184859348976e-06,1.0
4,32,grpo,35,140,4480,0,0.9926235077042254,0.9937731966770449,0.0415102009925483,1.0571020876755615,0.03100342207608034,0.0,0.0,5.154130350067663e-06,0.96875
4,32,grpo,36,144,4608,0,0.9927404946580818,0.9938632369793975,0.040991250522847154,1.0576210381452626,0.031822421367050456,0.0,0.0,4.7458607320279724e-06,1.0
4,32,grpo,37,148,4736,0,0.9927961036704764,0.9939053912744782,0.04074020727008413,1.0578720813980258,0.03175472444493167,0.0,0.0,1.9019665305058164e-06,1.0
4,32,grpo,38,152,4864,0,0.9928623999614177,0.9939577053834192,0.04038836541258663,1.0582239232555235,0.03088058574368295,0.0,0.0,2.3482410334884503e-06,0.96875
4,32,grpo,39,156,4992,0,0.9930521695824617,0.9941043726759506,0.03944666344717103,1.059165625220939,0.029146203456900877,0.0,0.0,8.995435468262091e-06,0.9375
4,32,grpo,40,160,5120,0,0.9932123765368908,0.9942276292606171,0.038644942674398414,1.0599673459937111,0.0317240470767421,0.0,0.0,7.3181507274130575e-06,1.0
4,32,grpo,41,164,5248,0,0.9932898825651296,0.9942868057606096,0.03823701736409395,1.060375271304016,0.03176843686970546,0.0,0.0,2.8644779869985475e-06,1.0
4,32,grpo,42,168,5376,0,0.9933215717341422,0.9943101347156817,0.03805437778967152,1.0605579108784382,0.03186879433165987,0.0,0.0,1.1860967621893223e-06,1.0
4,32,grpo,43,172,5504,0,0.993324005406176,0.9943104245051174,0.03801621983729651,1.0605960688308131,0.031840371449542305,0.0,0.0,5.536622177670494e-07,1.0
4,32,grpo,44,176,5632,0,0.9936720049472931,0.9945680622441637,0.03660924444626901,1.0620030442218409,0.029552489970175767,0.0,0.0,1.3779458908033698e-05,0.9375
4,32,grpo,45,180,5760,0,0.9943344498673341,0.9951335667826516,0.03348276665258084,1.0651295220155288,0.027555080283629078,0.0,0.015625,7.06665954527287e-05,0.9375
4,32,grpo,46,184,5888,0,0.9949645514787999,0.9956627118470102,0.03043668960959552,1.0681755990585144,0.0292378601368584,0.0,0.0078125,8.574570383163744e-05,0.96875
4,32,grpo,47,188,6016,0,0.9953136873014632,0.9959524818911777,0.028690185978035944,1.0699221026900738,0.032105593712076406,0.0,0.0,3.3963427654618884e-05,1.0
4,32,grpo,48,192,6144,0,0.9956858751369535,0.9962627589844242,0.026756432815494134,1.0718558558526157,0.028771307127453138,0.0,0.0078125,3.459028014667996e-05,0.9375
4,32,grpo,49,196,6272,0,0.9960984486065074,0.9966338416005063,0.02441062250543806,1.0742016661626717,0.029161408774819177,0.0,0.0078125,3.788420507212741e-05,0.9375
4,32,grpo,50,200,6400,0,0.9964397032652778,0.9969403332349948,0.022422568039866878,1.076189720628243,0.02949821110051281,0.0,0.0078125,3.3069622242466515e-05,0.96875
4,32,grpo,51,204,6528,0,0.9966354932942939,0.9971166683349237,0.02124931526838141,1.0773629733997283,0.032302834359885506,0.0,0.0,1.3289614420469282e-05,1.0
4,32,grpo,52,208,6656,0,0.9968265766260759,0.9972760611096376,0.020205664906414223,1.0784066237616954,0.031569755575816406,0.0,0.0,7.806441982934773e-06,0.96875
4,32,grpo,53,212,6784,0,0.9969757608053486,0.9973970663746519,0.01941235525768012,1.0791999334104299,0.03233174940194777,0.0,0.0,5.1375188738923e-06,1.0
4,32,grpo,54,216,6912,0,0.9970640882535983,0.9974688528971632,0.01893602040672179,1.079676268261388,0.03241252346406001,0.0,0.0,2.015917702371133e-06,1.0
4,32,grpo,55,220,7040,0,0.9971163570561383,0.9975113041473437,0.018651468044070117,1.0799608206240396,0.03238863554759749,0.0,0.0,7.984232528403521e-07,1.0
4,32,grpo,56,224,7168,0,0.997146182463265,0.9975354281902634,0.018487800734377766,1.0801244879337322,0.03237040650649971,0.0,0.0,3.1195882080006153e-07,1.0
4,32,grpo,57,228,7296,0,0.9971614933286125,0.9975476468645581,0.0184029283701916,1.0802093602979184,0.0323383691843983,0.0,0.0,1.218752999230438e-07,1.0
4,32,grpo,58,232,7424,0,0.9971682888339948,0.9975528718333653,0.018364990894184696,1.080247297773925,0.03248341646391069,0.0,0.0,4.7522777078642886e-08,1.0
4,32,grpo,59,236,7552,0,0.9972426394256193,0.9976250121648371,0.017916732488169412,1.0806955561799403,0.03162726872331176,0.0,0.0,2.8156313153479196e-06,0.96875
4,32,grpo,60,240,7680,0,0.9973663620971709,0.9977445151298558,0.017144766652277467,1.0814675220158323,0.031335801194505734,0.0,0.0,5.700185404538769e-06,0.96875
4,32,grpo,61,244,7808,0,0.9975162483607392,0.9978753482653793,0.016278261997919454,1.0823340266701902,0.03125270742124603,0.0,0.0,8.382852048403726e-06,0.96875
4,32,grpo,62,248,7936,0,0.9976274302189574,0.9979687580916595,0.01564933628926263,1.082962952378847,0.032534710325120245,0.0,0.0,5.28749991194871e-06,1.0
4,32,grpo,63,252,8064,0,0.997692290562298,0.998023303732675,0.015277292542408342,1.0833349961257013,0.03251973542873572,0.0,0.0,2.0255207469367668e-06,1.0
4,32,grpo,64,256,8192,0,0.9977697489514699,0.9980841281334344,0.014854729087319968,1.0837575595807898,0.031238745248540048,0.0,0.0,3.7831580342632943e-06,0.96875
4,32,grpo,65,260,8320,0,0.9978301192998769,0.9981308192250933,0.01452335473889855,1.0840889339292112,0.032503324178968604,0.0,0.0,2.8975674339152122e-06,1.0
4,32,grpo,66,264,8448,0,0.9978635419078016,0.9981567331929507,0.014335609151767945,1.0842766795163419,0.03251910314616131,0.0,0.0,1.105982128930165e-06,1.0
4,32,grpo,67,268,8576,0,0.9978816350913827,0.9981706850647528,0.014232016438448982,1.084380272229661,0.032518721327611334,0.0,0.0,4.398415064605666e-07,1.0
4,32,grpo,68,272,8704,0,0.997890402689904,0.9981773063345091,0.014180444040460254,1.0844318446276495,0.032505162512407114,0.0,0.0,1.800541072876417e-07,1.0
4,32,grpo,69,276,8832,0,0.9979301702113677,0.9982225830239491,0.013864807891104823,1.084747480777005,0.03144451708017289,0.0,0.0,2.871944551340807e-06,0.96875
4,32,grpo,70,280,8960,0,0.9979671935942108,0.9982657280855989,0.013558413238356739,1.0850538754297532,0.032550290092487,0.0,0.0,3.337835862630005e-06,1.0
4,32,grpo,71,284,9088,0,0.9979870393085944,0.9982893320728399,0.01338645965475099,1.0852258290133587,0.03260517877731112,0.0,0.0,1.2511496720743982e-06,1.0
4,32,grpo,72,288,9216,0,0.9979974137076928,0.998302223492223,0.013290273448868342,1.0853220152192415,0.03260941654585379,0.0,0.0,4.876711577431178e-07,1.0
4,32,grpo,73,292,9344,0,0.9980019102357639,0.9983086196102757,0.013240616071558062,1.0853716725965517,0.03257720826181883,0.0,0.0,1.9680053329233038e-07,1.0
4,32,grpo,74,296,9472,0,0.9980020043933071,0.9983104371740051,0.013223394329451611,1.085388894338658,0.0324943468642522,0.0,0.0,8.46012795491247e-08,1.0
4,32,grpo,75,300,9600,0,0.9979995740736571,0.9983095683908725,0.01322551679965123,1.0853867718684587,0.03258067715192646,0.0,0.0,3.870751518109822e-08,1.0
4,32,grpo,76,304,9728,0,0.998061615539065,0.9983684418393947,0.012844963916744796,1.0857673247513648,0.03169796379602721,0.0,0.0,2.523293954138218e-06,0.96875
4,32,grpo,77,308,9856,0,0.9981822391231566,0.9984794958011963,0.012117502322674771,1.0864947863454348,0.03038067710463323,0.0,0.0078125,1.0351304110669411e-05,0.96875
4,32,grpo,78,312,9984,0,0.998350101468019,0.9986159454477803,0.011220892772291019,1.0873913958958188,0.031084383803131582,0.0,0.0,1.4630474340368184e-05,0.96875
4,32,grpo,79,316,10112,0,0.9984745656459023,0.998713179731473,0.010569978385271416,1.0880423102828383,0.03265132297722763,0.0,0.0,8.693210477077962e-06,1.0
4,32,grpo,80,320,10240,0,0.9985827015958869,0.9987972992698747,0.009972057513878096,1.0886402311542316,0.031220253910508464,0.0,0.0,5.3407313549085085e-06,0.96875
4,32,grpo,81,324,10368,0,0.9986844045199551,0.9988854383563357,0.0093230514579634,1.0892892372101466,0.031449826035398115,0.0,0.0,5.554924633105847e-06,0.96875
4,32,grpo,82,328,10496,0,0.9987538166595538,0.998948332229666,0.008851828080858168,1.0897604605872515,0.03268256525706285,0.0,0.0,3.568222312441313e-06,1.0
4,32,grpo,83,332,10624,0,0.9987949850681285,0.9989854943146562,0.008570114207105635,1.0900421744610043,0.032675784614814136,0.0,0.0,1.3476014151166985e-06,1.0
4,32,grpo,84,336,10752,0,0.9988198370073174,0.999007919775317,0.008398734951925772,1.090213553716184,0.0326901971686109,0.0,0.0,5.291794666453128e-07,1.0
4,32,grpo,85,340,10880,0,0.9988348057172928,0.9990214706901935,0.008294487900824082,1.0903178007672856,0.032691350300915446,0.0,0.0,2.1131559030219124e-07,1.0
4,32,grpo,86,344,11008,0,0.9988436544161362,0.9990295383260687,0.008232014008631609,1.0903802746594782,0.03271102819396416,0.0,0.0,8.412392736276488e-08,1.0
4,32,grpo,87,348,11136,0,0.9988486944786327,0.9990341869107062,0.00819575541254737,1.0904165332555624,0.032722488448734065,0.0,0.0,3.3413319953356495e-08,1.0
4,32,grpo,88,352,11264,0,0.9988512019895321,0.9990365841501541,0.008176745285840833,1.090435543382269,0.03270361076519583,0.0,0.0,1.2927205441758807e-08,1.0
4,32,grpo,89,356,11392,0,0.9988519534350824,0.999037438912008,0.008169500443284305,1.0904427882248255,0.0326933654951909,0.0,0.0,4.930656710066399e-09,1.0
4,32,grpo,90,360,11520,0,0.9988516354628203,0.9990373411228352,0.00816957669532126,1.0904427119727884,0.03271971462521501,0.0,0.0,2.111277185068603e-09,1.0
4,32,grpo,91,364,11648,0,0.9988505994258347,0.9990366062743243,0.008174545035085634,1.0904377436330241,0.032702990429715466,0.0,0.0,1.347217208363764e-09,1.0
4,32,grpo,92,368,11776,0,0.9988490197948985,0.9990353995785984,0.008183089126444741,1.0904291995416648,0.032699788819647246,0.0,0.0,1.4280450254380495e-09,1.0
4,32,grpo,93,372,11904,0,0.9988471574294473,0.9990339317113637,0.008193668413381667,1.0904186202547281,0.03271735903907202,0.0,0.0,1.5509325453135281e-09,1.0
4,32,grpo,94,376,12032,0,0.9988450215339851,0.9990322304032084,0.008206004460534606,1.090406284207575,0.03268921821140629,0.0,0.0,1.891425972212992e-09,1.0
4,32,grpo,95,380,12160,0,0.9988426468992421,0.9990303369443411,0.008219743537597309,1.0903925451305125,0.032695267064921325,0.0,0.0,2.3093356895447817e-09,1.0
4,32,grpo,96,384,12288,0,0.9988402691871413,0.99902842304875,0.008233707633575654,1.0903785810345341,0.03272339946374376,0.0,0.0,2.158848285715467e-09,1.0
4,32,grpo,97,388,12416,0,0.9988378640245058,0.9990264758327598,0.008247960263893109,1.0903643284042168,0.03270377059555994,0.0,0.0,2.1419565611570175e-09,1.0
4,32,grpo,98,392,12544,0,0.9988354681287817,0.9990245215195686,0.008262318883448097,1.0903499697846617,0.03271887399659952,0.0,0.0,2.0858179537105605e-09,1.0
4,32,grpo,99,396,12672,0,0.9988331814208726,0.9990226294335585,0.008276307014030022,1.0903359816540796,0.03273598536329002,0.0,0.0,1.9088028267357255e-09,1.0
4,32,grpo,100,400,12800,0,0.998830852487588,0.9990207027512317,0.008290542515469415,1.0903217461526404,0.03270657463151781,0.0,0.0,1.972594183227517e-09,1.0
4,32,grpo,101,404,12928,0,0.998828482348596,0.9990187502875467,0.008304937151403504,1.090307351516706,0.03272431082350562,0.0,0.0,2.019486948466151e-09,1.0
4,32,grpo,102,408,13056,0,0.9988261023082551,0.9990167918413807,0.008319355969999413,1.0902929326981103,0.032723896412363784,0.0,0.0,2.0830828869833216e-09,1.0
4,32,grpo,103,412,13184,0,0.9988235713722243,0.9990147206662465,0.008334557812959432,1.0902777308551503,0.032686965378463946,0.0,0.0,2.367132989671376e-09,1.0
4,32,grpo,104,416,13312,0,0.9988209430070007,0.9990125749091403,0.008350297874568965,1.090261990793541,0.032701293076397846,0.0,0.0,2.4829118021943363e-09,1.0
4,32,grpo,105,420,13440,0,0.9988182474146601,0.9990103780260735,0.008366408830939264,1.0902458798371706,0.0326933655601001,0.0,0.0,2.589482447854879e-09,1.0
4,32,grpo,106,424,13568,0,0.9988154333584142,0.9990080962179523,0.008383093502764321,1.0902291951653453,0.03268883058144556,0.0,0.0,2.8375974211051918e-09,1.0
4,32,grpo,107,428,13696,0,0.9988125752992396,0.9990057836948683,0.008399985058531545,1.090212303609578,0.032699075221900326,0.0,0.0,2.9230141098121077e-09,1.0
4,32,grpo,108,432,13824,0,0.9988096727428846,0.9990034386184159,0.008417104505006451,1.0901951841631035,0.03268972379908808,0.0,0.0,3.0174429228873898e-09,1.0
4,32,grpo,109,436,13952,0,0.9988402131076153,0.9990301848721798,0.00822226642604721,1.0903900222420626,0.03156751802780384,0.0,0.0,1.3629018362774387e-06,0.96875
4,32,grpo,110,440,14080,0,0.9988730972796188,0.999058473957119,0.008014091451601221,1.0905981972165086,0.03271134690130661,0.0,0.0,1.6374292344018353e-06,1.0
4,32,grpo,111,444,14208,0,0.998892326008299,0.9990747992744821,0.007892931584791442,1.0907193570833182,0.03272046955781653,0.0,0.0,6.20572427974655e-07,1.0
4,32,grpo,112,448,14336,0,0.9989035192957809,0.9990842306619707,0.007822539478144512,1.0907897491899652,0.032710094378243175,0.0,0.0,2.428604160735406e-07,1.0
4,32,grpo,113,452,14464,0,0.9989098296634756,0.9990895213713837,0.0077828963585055005,1.0908293923096042,0.03272401842325463,0.0,0.0,9.678474168707638e-08,1.0
4,32,grpo,114,456,14592,0,0.9989381957535128,0.9991128740301902,0.007607191214988174,1.0910050974531216,0.03126302005341627,0.0,0.0,1.364593044758115e-06,0.96875
4,32,grpo,115,460,14720,0,0.9989659130504615,0.9991352624603295,0.007437244316939389,1.0911750443511705,0.03275692770420965,0.0,0.0,1.3571199249779986e-06,1.0
4,32,grpo,116,464,14848,0,0.9989821480023839,0.999148135499923,0.007338796056681239,1.0912734926114287,0.03275305606569941,0.0,0.0,5.141619190568771e-07,1.0
4,32,grpo,117,468,14976,0,0.9989916145274145,0.9991555322471338,0.007281898457791572,1.0913303902103182,0.03274076990737094,0.0,0.0,2.0035135885717574e-07,1.0
4,32,grpo,118,472,15104,0,0.9990354033709636,0.9991860581496377,0.0070573476016297584,1.09155494106648,0.03150662386807221,0.0,0.0,2.3258639510302258e-06,0.96875
4,32,grpo,119,476,15232,0,0.9990761183439014,0.9992142190122941,0.006846510755779002,1.0917657779123306,0.03275336297244139,0.0,0.0,2.3513546370059188e-06,1.0
4,32,grpo,120,480,15360,0,0.9990989898179795,0.9992299586162621,0.0067264341020721145,1.0918858545660377,0.03276798470224744,0.0,0.0,8.788998393838835e-07,1.0
8,16,grpo,0,0,0,0,0.23333333333333334,0.3333333333333333,1.0986122886681096,0.0,0.0,0.0,0.0,0.0,0.0
8,16,grpo,1,4,128,0,0.38711767313524836,0.44350520099601604,1.0660911482502111,0.03252114041789875,-0.1255535894582945,0.0,0.5234375,0.03277721210842977,0.0
8,16,grpo,2,8,256,0,0.5360793149601348,0.5737525714266696,0.9707211112824128,0.12789117738569705,-0.15644558382014667,0.0,0.78125,0.03498603537527932,0.0
8,16,grpo,3,12,384,0,0.6747401389719972,0.700977156065375,0.8120725252574139,0.28653976341069587,-0.14963118913820295,0.0,1.0,0.03634535148305461,0.0
8,16,grpo,4,16,512,0,0.7855234085240625,0.8041244703811803,0.6276402970468555,0.47097199162125414,-0.11121218153951631,0.0,0.296875,0.030395874671360127,0.0625
8,16,grpo,5,20,640,0,0.8600992988338672,0.8727178507600561,0.46777224378674576,0.6308400448813641,-0.06359816396955431,0.0,0.171875,0.018735679903865977,0.1875
8,16,grpo,6,24,768,0,0.9074362926870339,0.916812336764371,0.34353510925238007,0.7550771794157298,-0.050850589730497775,0.0,0.140625,0.0112515722560813,0.1875
8,16,grpo,7,28,896,0,0.9356247779096726,0.9429338284338541,0.2582010986903877,0.8404111899777221,-0.010323008470054275,0.0,0.078125,0.005701297759862244,0.5625
8,16,grpo,8,32,1024,0,0.9537881913934974,0.9595866002001461,0.19720399596624943,0.9014082927018604,-0.011881740431808629,0.0,0.0859375,0.003274537848782983,0.5
8,16,grpo,9,36,1152,0,0.9654897479885318,0.9700983321004802,0.15501340692877175,0.943598881739338,0.0054628365345509855,0.0,0.046875,0.0017656840004541636,0.6875
8,16,grpo,10,40,1280,0,0.9726272842569413,0.9764161620437979,0.12781408951480366,0.9707981991533061,0.02047816425603092,0.0,0.015625,0.0008401434210574275,0.875
8,16,grpo,11,44,1408,0,0.9772246625084042,0.9804565058875996,0.10947971993980563,0.9891325687283042,0.022589266906194602,0.0,0.0078125,0.00043439968704417955,0.875
8,16,grpo,12,48,1536,0,0.9813154144452105,0.984064305695839,0.0925674136821483,1.0060448749859614,0.010807161048431844,0.0,0.0390625,0.000404059538686424,0.625
8,16,grpo,13,52,1664,0,0.9846042564020014,0.9869739265323745,0.07823924574681282,1.020373042921297,0.02031529180709859,0.0,0.015625,0.0003359661428183756,0.8125
8,16,grpo,14,56,1792,0,0.9867735190993301,0.9888692512698788,0.06849449290601375,1.030117795762096,0.02767611049783885,0.0,0.0078125,0.00018115223331968957,0.9375
8,16,grpo,15,60,1920,0,0.988203545646611,0.9900936580896935,0.06198183341898186,1.0366304552491277,0.028060657105514662,0.0,0.0,9.346110865129618e-05,0.9375
8,16,grpo,16,64,2048,0,0.9893226340011372,0.9910211383508463,0.05699902991422152,1.0416132587538884,0.02986393923048575,0.0,0.0,5.375678181860301e-05,0.9375
8,16,grpo,17,68,2176,0,0.9903951500658895,0.9919516220911829,0.051995508557846515,1.0466167801102633,0.027524378220976843,0.0,0.0,5.737423433669567e-05,0.875
8,16,grpo,18,72,2304,0,0.991253680339349,0.9927220047299267,0.047753143719265805,1.050859144948844,0.029601150342554804,0.0,0.0,4.4113176713459454e-05,0.9375
8,16,grpo,19,76,2432,0,0.9918109437885589,0.993223322100595,0.04493279239887161,1.0536794962692382,0.03160942353785751,0.0,0.0,2.114492844041532e-05,1.0
8,16,grpo,20,80,2560,0,0.9922209412598264,0.9935964714484773,0.042784411327751064,1.0558278773403589,0.029200038941880266,0.0,0.0,1.617861437816291e-05,0.9375
8,16,grpo,21,84,2688,0,0.9926693568588368,0.9939772403209022,0.040525160588584394,1.0580871280795254,0.02851631269463581,0.0,0.0,2.0636086851113825e-05,0.875
8,16,grpo,22,88,2816,0,0.993176277054232,0.9943813794086216,0.03814597759947109,1.0604663110686385,0.0303370638605242,0.0,0.0,2.0902419663054342e-05,0.9375
8,16,grpo,23,92,2944,0,0.9935537501550545,0.9946786122497425,0.03638985230046705,1.0622224363676427,0.03184179654737566,0.0,0.0,1.2902654155333656e-05,1.0
8,16,grpo,24,96,3072,0,0.9938435020199532,0.994922020688241,0.0348962213996618,1.063716067268448,0.02968745727205655,0.0,0.0,1.10470794828603e-05,0.9375
8,16,grpo,25,100,3200,0,0.994221388087703,0.995226027323989,0.033090387646073284,1.0655219010220365,0.03087994324693286,0.0,0.0,1.3229396286638295e-05,0.9375
8,16,grpo,26,104,3328,0,0.9945325798310451,0.9954710261532104,0.03164420949877601,1.066968079169334,0.032050904331809266,0.0,0.0,9.670070529636833e-06,1.0
8,16,grpo,27,108,3456,0,0.994776816649056,0.9956611728129744,0.030475341656990843,1.0681369470111188,0.03016210581405617,0.0,0.0,7.737543762780224e-06,0.9375
8,16,grpo,28,112,3584,0,0.9949467318312935,0.9957926138825302,0.02964574750524194,1.0689665411628677,0.03200725517449135,0.0,0.0,5.13282890155839e-06,1.0
8,16,grpo,29,116,3712,0,0.995047673991382,0.9958704743461613,0.02914932059424833,1.0694629680738614,0.03213377139964133,0.0,0.0,2.0060124581034075e-06,1.0
8,16,grpo,30,120,3840,0,0.995106353673926,0.9959153731143559,0.02885965101448358,1.0697526376536264,0.03202626824869005,0.0,0.0,8.035615127562606e-07,1.0
8,16,grpo,31,124,3968,0,0.9951383974603987,0.9959394257072665,0.028701385801388167,1.0699109028667215,0.03211809103115623,0.0,0.0,3.2190978910392806e-07,1.0
8,16,grpo,32,128,4096,0,0.9952938156606528,0.9960565169621366,0.02800891080486958,1.0706033778632402,0.03059824146169886,0.0,0.0,5.307221819513312e-06,0.9375
8,16,grpo,33,132,4224,0,0.9954467177112851,0.9961722563255284,0.0273176754315632,1.0712946132365466,0.032161343829835036,0.0,0.0,6.041255099289139e-06,1.0
8,16,grpo,34,136,4352,0,0.995632613828223,0.9963388731204754,0.026304842311993197,1.0723074463561164,0.030054410762267475,0.0,0.0,1.2651723947117719e-05,0.9375
8,16,grpo,35,140,4480,0,0.995778899044566,0.9964742623477346,0.025461319506572207,1.0731509691615375,0.032188831244907214,0.0,0.0,1.051320253873305e-05,1.0
8,16,grpo,36,144,4608,0,0.9958612441226887,0.9965500903748069,0.024978287153323366,1.0736340015147863,0.032244644307322365,0.0,0.0,4.0064415593447026e-06,1.0
8,16,grpo,37,148,4736,0,0.9959917120908677,0.9966562907445325,0.02429522749519962,1.0743170611729103,0.030175721380133344,0.0,0.0,8.172995071353513e-06,0.9375
8,16,grpo,38,152,4864,0,0.9961003031232862,0.996742894428507,0.02372601339594194,1.074886275272168,0.0324061261271398,0.0,0.0,6.520634283088297e-06,1.0
8,16,grpo,39,156,4992,0,0.996159457064025,0.9967901561816261,0.023406914791644584,1.0752053738764653,0.032196294881638166,0.0,0.0,2.5220937235362347e-06,1.0
8,16,grpo,40,160,5120,0,0.9961902754443637,0.996814650408267,0.02323560772175077,1.075376680946359,0.0322362061843483,0.0,0.0,1.014709024766357e-06,1.0
8,16,grpo,41,164,5248,0,0.9964040419109372,0.9970029349292285,0.022081027130913596,1.0765312615371962,0.02964552056758115,0.0,0.0,8.668477378506365e-06,0.875
8,16,grpo,42,168,5376,0,0.9967176930400503,0.9972859321240953,0.020334526630274043,1.0782777620378359,0.02857967228316552,0.0,0.0078125,2.6969645550196725e-05,0.9375
8,16,grpo,43,172,5504,0,0.9969363345782221,0.9974812984555725,0.01910059705735053,1.0795116916107592,0.03239204744416636,0.0,0.0,1.5736016624254937e-05,1.0
8,16,grpo,44,176,5632,0,0.9970645464656365,0.9975938218188185,0.01837681096393829,1.0802354777041714,0.032456947469513095,0.0,0.0,5.734544748851198e-06,1.0
8,16,grpo,45,180,5760,0,0.9971419706077131,0.9976610159175467,0.017939997914193716,1.0806722907539161,0.0324568304644795,0.0,0.0,2.212137291040823e-06,1.0
8,16,grpo,46,184,5888,0,0.9971891414207699,0.9977016815070348,0.017674079302230507,1.0809382093658793,0.032487966755826124,0.0,0.0,8.808499307968951e-07,1.0
8,16,grpo,47,188,6016,0,0.997217331624201,0.9977259502866276,0.01751484776278884,1.081097440905321,0.0324496356207627,0.0,0.0,3.4901556120795996e-07,1.0
8,16,grpo,48,192,6144,0,0.9972330452619687,0.9977395908578488,0.017425070381344564,1.0811872182867652,0.03238538956390871,0.0,0.0,1.3046645992115087e-07,1.0
8,16,grpo,49,196,6272,0,0.9972411982519587,0.9977467324338651,0.017378206883074596,1.0812340817850352,0.03249658129213579,0.0,0.0,5.121079287812907e-08,1.0
8,16,grpo,50,200,6400,0,0.997291321026685,0.9977856293537085,0.017097951795843037,1.0815143368722666,0.03066294071183128,0.0,0.0,2.1756604368022328e-06,0.9375
8,16,grpo,51,204,6528,0,0.9973383265181601,0.9978222643234589,0.01682702229355832,1.0817852663745513,0.03240235648124131,0.0,0.0,2.582918855612847e-06,1.0
8,16,grpo,52,208,6656,0,0.997394571187378,0.9978744561640732,0.016430096394589318,1.0821821922735204,0.02931241937660229,0.0,0.0078125,6.047105157725998e-06,0.9375
8,16,grpo,53,212,6784,0,0.99743486402299,0.9979130530671908,0.01612538507341342,1.0824869035946965,0.03246937666488118,0.0,0.0,4.672115328775477e-06,1.0
8,16,grpo,54,216,6912,0,0.9974544150071143,0.9979319609227418,0.015968579654728213,1.0826437090133816,0.03241625226702336,0.0,0.0,1.6762738746658431e-06,1.0
8,16,grpo,55,220,7040,0,0.9974636646523535,0.997941187252134,0.01588719694221112,1.0827250917258988,0.03260012127565664,0.0,0.0,6.408336762633958e-07,1.0
8,16,grpo,56,224,7168,0,0.9974670951350502,0.9979450184210825,0.015848696722591444,1.0827635919455185,0.03248847467086604,0.0,0.0,2.5730891533342033e-07,1.0
8,16,grpo,57,228,7296,0,0.9974670493126679,0.9979456306987706,0.01583613593223265,1.0827761527358772,0.03252671537644886,0.0,0.0,1.0818571534938895e-07,1.0
8,16,grpo,58,232,7424,0,0.9974645379229307,0.997944051102837,0.015840894353772658,1.082771394314337,0.032492333525592935,0.0,0.0,4.8569539176311694e-08,1.0
8,16,grpo,59,236,7552,0,0.9974600501280009,0.9979407840196269,0.015858515433708028,1.0827537732344017,0.03244239953569933,0.0,0.0,2.577339900704376e-08,1.0
8,16,grpo,60,240,7680,0,0.9974549805155186,0.99793694400635,0.0158812435760287,1.082731045092081,0.032598572811096384,0.0,0.0,1.4400602511750926e-08,1.0
8,16,grpo,61,244,7808,0,0.997449411125756,0.9979326364665415,0.015907898670398414,1.0827043899977113,0.03250362286635169,0.0,0.0,9.841999410399678e-09,1.0
8,16,grpo,62,248,7936,0,0.997576507443703,0.9980225812846237,0.01534679361551808,1.0832654950525915,0.030642767181103994,0.0,0.0,6.345429818406484e-06,0.9375
8,16,grpo,63,252,8064,0,0.997703769376966,0.9981131535560506,0.014767814788982068,1.0838444738791277,0.032536239320922186,0.0,0.0,7.433341744313952e-06,1.0
8,16,grpo,64,256,8192,0,0.9978361697250181,0.9982259730036201,0.01400812269345208,1.0846041659746577,0.030261382964854013,0.0,0.0,7.4782898164361885e-06,0.9375
8,16,grpo,65,260,8320,0,0.9979917522369883,0.998365093851114,0.013043012975532262,1.0855692756925777,0.030162875793765226,0.0,0.0,1.1758807077197401e-05,0.9375
8,16,grpo,66,264,8448,0,0.99810299744286,0.9984639299373168,0.012342646177672386,1.0862696424904374,0.03257637196939557,0.0,0.0,7.241746418669908e-06,1.0
8,16,grpo,67,268,8576,0,0.9981674499390891,0.998520722244911,0.011933664597224176,1.0866786240708857,0.03253736581831688,0.0,0.0,2.719790509552175e-06,1.0
8,16,grpo,68,272,8704,0,0.9982585803164774,0.9985933735886205,0.011407749563571082,1.0872045391045386,0.03047979185085458,0.0,0.0,4.8629364496847525e-06,0.9375
8,16,grpo,69,276,8832,0,0.998332458984701,0.9986512667606454,0.010980949786929258,1.0876313388811805,0.03260996118825649,0.0,0.0,4.17659207596961e-06,1.0
8,16,grpo,70,280,8960,0,0.9983745957487601,0.9986844442930866,0.010732005883432143,1.0878802827846776,0.03265200651898372,0.0,0.0,1.565817746103099e-06,1.0
8,16,grpo,71,284,9088,0,0.9983989164958368,0.998703624344581,0.010585858266886657,1.0880264304012233,0.03256490994438372,0.0,0.0,6.145245998386656e-07,1.0
8,16,grpo,72,288,9216,0,0.9984128836832182,0.9987146307605782,0.010500660074987405,1.0881116285931225,0.03264911262344121,0.0,0.0,2.476238403798808e-07,1.0
8,16,grpo,73,292,9344,0,0.9984954679509118,0.9987767071746744,0.010077285056233886,1.088535003611876,0.03109934047178991,0.0,0.0,3.1388634210994314e-06,0.9375
8,16,grpo,74,296,9472,0,0.9985763525512492,0.9988378076195451,0.009656264921761326,1.0889560237463485,0.03265709125105273,0.0,0.0,3.71760274573612e-06,1.0
8,16,grpo,75,300,9600,0,0.9986236163149765,0.9988737165374346,0.009405164298451726,1.089207124369658,0.032685768031758856,0.0,0.0,1.4124963230201352e-06,1.0
8,16,grpo,76,304,9728,0,0.9986520416059139,0.9988953634267721,0.009252462203637058,1.0893598264644728,0.03270200322664387,0.0,0.0,5.547811409869833e-07,1.0
8,16,grpo,77,308,9856,0,0.9986690980222528,0.9989083346450099,0.009160485630758552,1.0894518030373512,0.03264772231103516,0.0,0.0,2.1827091322055424e-07,1.0
8,16,grpo,78,312,9984,0,0.9986790857141765,0.9989158962377251,0.009106731562310021,1.0895055571057997,0.032666715937884505,0.0,0.0,8.60791563726299e-08,1.0
8,16,grpo,79,316,10112,0,0.9986847844379475,0.9989201621654902,0.009076444728313697,1.0895358439397962,0.032708080000672185,0.0,0.0,3.3711086458559574e-08,1.0
8,16,grpo,80,320,10240,0,0.9986877607399112,0.9989223184521284,0.009061252199261157,1.0895510364688485,0.032689437212433274,0.0,0.0,1.2415496528576288e-08,1.0
8,16,grpo,81,324,10368,0,0.9986888627195114,0.9989230390185888,0.009056335295038407,1.0895559533730714,0.032679566117932476,0.0,0.0,4.7860164866623885e-09,1.0
8,16,grpo,82,328,10496,0,0.9986888289373017,0.9989229033568449,0.009057574218919047,1.0895547144491908,0.03272079611129252,0.0,0.0,2.2866058457254815e-09,1.0
8,16,grpo,83,332,10624,0,0.9986881083176102,0.9989222331825662,0.009062675590364491,1.0895496130777453,0.03270887069639305,0.0,0.0,1.1904573538859742e-09,1.0
8,16,grpo,84,336,10752,0,0.9986867754828199,0.9989210916310466,0.00907115011573745,1.0895411385523723,0.03267104077275624,0.0,0.0,1.1239185790249773e-09,1.0
8,16,grpo,85,340,10880,0,0.9986849466379308,0.9989195736023605,0.009082287130903874,1.089530001537206,0.03267544135188159,0.0,0.0,1.4691872876664988e-09,1.0
8,16,grpo,86,344,11008,0,0.9986828290661534,0.9989178257695372,0.009095064824727083,1.0895172238433828,0.0326776749314419,0.0,0.0,1.6925726199552427e-09,1.0
8,16,grpo,87,348,11136,0,0.9986805110476791,0.9989158991292595,0.009109119221827326,1.0895031694462827,0.032666324071771925,0.0,0.0,1.889640603137073e-09,1.0
8,16,grpo,88,352,11264,0,0.998703410648859,0.9989328662194525,0.00896832412121848,1.0896439645468914,0.030336984774157548,0.0,0.0,1.620241438174034e-06,0.9375
8,16,grpo,89,356,11392,0,0.9987252699738081,0.9989492822494731,0.008828822193660206,1.0897834664744495,0.032740618796866724,0.0,0.0,1.7828064224441823e-06,1.0
8,16,grpo,90,360,11520,0,0.9987364767572213,0.9989577469091976,0.008754262011804851,1.089858026656305,0.032699093276582554,0.0,0.0,6.454371128162905e-07,1.0
8,16,grpo,91,364,11648,0,0.9987420463185522,0.9989619166622735,0.008715524518657373,1.0898967641494526,0.032674384383394615,0.0,0.0,2.4985604365203446e-07,1.0
8,16,grpo,92,368,11776,0,0.9987444494811528,0.9989636582493411,0.008697389592188609,1.089914899075921,0.03269354219891272,0.0,0.0,1.0143171667725904e-07,1.0
8,16,grpo,93,372,11904,0,0.9987449231042507,0.9989639112283136,0.008691938846132875,1.089920349821977,0.03267886941522172,0.0,0.0,4.3006950849526467e-08,1.0
8,16,grpo,94,376,12032,0,0.9987442599674483,0.998963299972214,0.008693982573973861,1.0899183060941358,0.032713087223778234,0.0,0.0,1.9175870258450707e-08,1.0
8,16,grpo,95,380,12160,0,0.998742925689847,0.9989621695289752,0.008700600153003755,1.089911688515106,0.03270541354869973,0.0,0.0,9.2639455728175e-09,1.0
8,16,grpo,96,384,12288,0,0.9987412570787206,0.9989607721721783,0.008709708056563098,1.0899025806115468,0.03273219947818766,0.0,0.0,4.912429316648794e-09,1.0
8,16,grpo,97,388,12416,0,0.9987394668532147,0.9989592861923096,0.008719881976685445,1.0898924066914244,0.03273857261256757,0.0,0.0,2.912051057447951e-09,1.0
8,16,grpo,98,392,12544,0,0.9987373786063646,0.998957533722483,0.00873220822864277,1.089880080439467,0.032661247136459876,0.0,0.0,2.485617967759111e-09,1.0
8,16,grpo,99,396,12672,0,0.9987351712927865,0.9989556772723638,0.008745420372854995,1.089866868295255,0.032739689819219556,0.0,0.0,2.227668323659543e-09,1.0
8,16,grpo,100,400,12800,0,0.9987328545752381,0.9989537442506395,0.00875929657269043,1.0898529920954192,0.0326907360224168,0.0,0.0,2.1363315292972573e-09,1.0
8,16,grpo,101,404,12928,0,0.9987305135032627,0.9989517901893064,0.0087734251057216,1.0898388635623881,0.032722039768567114,0.0,0.0,2.06454014628892e-09,1.0
8,16,grpo,102,408,13056,0,0.9987278669860928,0.9989495896820422,0.008789298911608833,1.089822989756501,0.03263998032606601,0.0,0.0,2.5531053522552842e-09,1.0
8,16,grpo,103,412,13184,0,0.9987251074470249,0.9989472849079861,0.00880591229991339,1.0898063763681964,0.03270642889669333,0.0,0.0,2.8044875549014146e-09,1.0
8,16,grpo,104,416,13312,0,0.9987222735463364,0.9989449091756896,0.008823010112787444,1.0897892785553223,0.032678943965665105,0.0,0.0,3.0509956190153013e-09,1.0
8,16,grpo,105,420,13440,0,0.998719354579195,0.9989424544476183,0.008840645879165375,1.0897716427889443,0.032686044952028134,0.0,0.0,3.3680867141409837e-09,1.0
8,16,grpo,106,424,13568,0,0.9987162880248711,0.9989398737871729,0.008859173276146184,1.0897531153919635,0.03265269077929755,0.0,0.0,3.735363574782496e-09,1.0
8,16,grpo,107,428,13696,0,0.9987132976772223,0.9989373757820614,0.008877149868296293,1.0897351387998135,0.03272403530571763,0.0,0.0,3.291401631021068e-09,1.0
8,16,grpo,108,432,13824,0,0.9987101738940825,0.9989347743062111,0.0088958214282745,1.0897164672398354,0.03264839262317114,0.0,0.0,3.6441169040665012e-09,1.0
8,16,grpo,109,436,13952,0,0.9987071345569025,0.9989322559540954,0.008913898854091634,1.0896983898140182,0.03273988632685068,0.0,0.0,3.3851708486131615e-09,1.0
8,16,grpo,110,440,14080,0,0.998704049612355,0.9989297094046204,0.008932177216067967,1.0896801114520418,0.03266236791624144,0.0,0.0,3.428557604924221e-09,1.0
8,16,grpo,111,444,14208,0,0.9987010270328903,0.9989272159723274,0.008950138716272395,1.0896621499518375,0.03271346624325879,0.0,0.0,3.133105385387586e-09,1.0
8,16,grpo,112,448,14336,0,0.9986981978292561,0.9989248676265584,0.008967103803194272,1.0896451848649156,0.03273057866969546,0.0,0.0,2.7132785518402e-09,1.0
8,16,grpo,113,452,14464,0,0.9986955575448775,0.9989226496758883,0.008983156653799045,1.089629132014311,0.032738140376198245,0.0,0.0,2.436450614015521e-09,1.0
8,16,grpo,114,456,14592,0,0.9986926325673727,0.9989201930210603,0.009000869414487541,1.0896114192536224,0.03263106230905206,0.0,0.0,3.0538741226591405e-09,1.0
8,16,grpo,115,460,14720,0,0.9986895250838523,0.9989176136976501,0.009019452010891684,1.089592836657218,0.03269569919951332,0.0,0.0,3.2854008169078444e-09,1.0
8,16,grpo,116,464,14848,0,0.9987331907375602,0.9989552709711828,0.008739912881157112,1.0898723757869524,0.029940604499328144,0.0,0.0078125,3.0358886879190233e-06,0.9375
8,16,grpo,117,468,14976,0,0.9987774613573366,0.9989924952114635,0.008459471779404005,1.0901528168887058,0.032772994003855783,0.0,0.0,3.315839806613244e-06,1.0
8,16,grpo,118,472,15104,0,0.9988025703455572,0.9990131832427087,0.008301465845288196,1.0903108228228215,0.03271649371367733,0.0,0.0,1.180428400171881e-06,1.0
8,16,grpo,119,476,15232,0,0.9988169519708935,0.9990248520734902,0.008211303194509668,1.0904009854736003,0.03270782248371693,0.0,0.0,4.457039906358562e-07,1.0
8,16,grpo,120,480,15360,0,0.9988252368613543,0.9990314815282928,0.008159542943892876,1.090452745724217,0.032773108800449445,0.0,0.0,1.758443622083082e-07,1.0
16,8,grpo,0,0,0,0,0.23333333333333334,0.3333333333333333,1.0986122886681096,0.0,0.0,0.0,0.0,0.0,0.0
16,8,grpo,1,4,128,0,0.39051353636831304,0.4532570823731992,1.0632508601349238,0.03536142853318603,-0.1572106019817385,0.0,0.6796875,0.03496484647269487,0.0
16,8,grpo,2,8,256,0,0.5263882976676619,0.5676504758200857,0.9754319492011315,0.1231803394669782,-0.1649453447729509,0.0,0.8359375,0.027902968323383896,0.0
16,8,grpo,3,12,384,0,0.6555974394573252,0.6846433246616102,0.8344884944473441,0.26412379422076593,-0.1504734978415518,0.0,0.953125,0.030496573169798053,0.0
16,8,grpo,4,16,512,0,0.7668371617051384,0.7871284341148392,0.6605162229042398,0.43809606576386984,-0.1198682258265886,0.0,0.453125,0.029219749216269818,0.0
16,8,grpo,5,20,640,0,0.8456947491252679,0.8594604520565959,0.4997502541471608,0.598862034520949,-0.09766229855041636,0.0,0.28125,0.02009971146085063,0.0
16,8,grpo,6,24,768,0,0.8940708957131333,0.9040714201985396,0.3783788695196373,0.7202334191484725,-0.05398733014577084,0.0,0.140625,0.011213403014634717,0.125
16,8,grpo,7,28,896,0,0.9266212829962948,0.9341105080239124,0.2853536697741794,0.8132586188939304,-0.0414597170596467,0.0,0.125,0.00672078627570305,0.125
16,8,grpo,8,32,1024,0,0.948782817196556,0.9545550238205598,0.21430153960902887,0.8843107490590809,-0.03481876167694782,0.0,0.1171875,0.004463823883312642,0.125
16,8,grpo,9,36,1152,0,0.96254021251195,0.9671138113206255,0.16584637823488108,0.9327659104332285,0.002374711357304375,0.0,0.03125,0.0023656857222757776,0.5
16,8,grpo,10,40,1280,0,0.9708608837593502,0.9745900851372419,0.13451628876242755,0.9640959999056822,0.015219072705608867,0.0,0.015625,0.0011004583667499545,0.75
16,8,grpo,11,44,1408,0,0.9756547043946278,0.9788612011779425,0.11561878021123767,0.9829935084568722,0.029497437367858124,0.0,0.0,0.00043835226286362944,1.0
16,8,grpo,12,48,1536,0,0.9791495206685781,0.9819521907352919,0.10137221041056196,0.9972400782575479,0.016702186856887145,0.0,0.0078125,0.00028568014536010423,0.625
16,8,grpo,13,52,1664,0,0.9820681862860241,0.9845230925514148,0.08901982878170979,1.0095924598864,0.015887333135293977,0.0,0.015625,0.0002647864401742919,0.625
16,8,grpo,14,56,1792,0,0.9839797786772801,0.98620157851011,0.08065090233740878,1.017961386330701,0.03108779278135589,0.0,0.0,0.0001383008047981935,1.0
16,8,grpo,15,60,1920,0,0.9861284347354324,0.9881006824969029,0.07135509975955578,1.0272571889085542,0.014522294388678712,0.0,0.0078125,0.00017281516221298056,0.5
16,8,grpo,16,64,2048,0,0.9882875776446864,0.9899409551029598,0.062192935499065294,1.0364193531690447,0.0229541782307288,0.0,0.0,0.00018452653873564563,0.75
16,8,grpo,17,68,2176,0,0.9897250758363773,0.9911464604266531,0.055994218104271,1.042618070563839,0.031250713457018194,0.0,0.0,9.211656063963347e-05,1.0
16,8,grpo,18,72,2304,0,0.9908698606801858,0.9921613779005682,0.050628899841365343,1.0479833888267445,0.022781222868604175,0.0,0.0078125,8.612047701404396e-05,0.75
16,8,grpo,19,76,2432,0,0.9919472847861789,0.9931742722246789,0.045025500931250226,1.0535867877368594,0.025196945653976757,0.0,0.0,8.095735063197826e-05,0.75
16,8,grpo,20,80,2560,0,0.9927019805035,0.9938895022266994,0.04094182514721266,1.057670463520897,0.031585430775773644,0.0,0.0,4.805800436924464e-05,1.0
16,8,grpo,21,84,2688,0,0.9932974102884289,0.9944223621448444,0.0378082529133094,1.0608040357548003,0.024900888786074483,0.0,0.0,3.1069337034120966e-05,0.75
16,8,grpo,22,88,2816,0,0.9940499971588475,0.9950643411677984,0.03410021641936442,1.0645120722487453,0.024531251504186523,0.0,0.0078125,5.195257928832955e-05,0.75
16,8,grpo,23,92,2944,0,0.9946259173392822,0.9955490767810983,0.03126348379368573,1.067348804874424,0.03197861436744991,0.0,0.0,3.791090953538382e-05,1.0
16,8,grpo,24,96,3072,0,0.9949634476694664,0.9958321588996129,0.029570575093857847,1.069041713574252,0.03204389905081388,0.0,0.0,1.4373599641839365e-05,1.0
16,8,grpo,25,100,3200,0,0.9952575082714586,0.9960857378622132,0.02802617973255126,1.0705861089355584,0.027292894661568007,0.0,0.0078125,1.7863620573643154e-05,0.875
16,8,grpo,26,104,3328,0,0.9954691883624072,0.9962678435110464,0.026895720583149475,1.0717165680849603,0.03218944327112196,0.0,0.0,1.1784427197215676e-05,1.0
16,8,grpo,27,108,3456,0,0.9955955355910748,0.9963751502153425,0.026220660604819243,1.0723916280632908,0.03220432946231353,0.0,0.0,4.463363161701529e-06,1.0
16,8,grpo,28,112,3584,0,0.9957749051683621,0.996536112301535,0.025192309858854553,1.0734199788092553,0.028636835155168277,0.0,0.0,9.136105661179803e-06,0.875
16,8,grpo,29,116,3712,0,0.9959253863718864,0.996670334711778,0.024319710102386243,1.0742925785657236,0.03217170509707399,0.0,0.0,8.730792105588065e-06,1.0
16,8,grpo,30,120,3840,0,0.9960141602089787,0.9967482581672881,0.023806022388192707,1.0748062662799172,0.03222339818094596,0.0,0.0,3.253224559810948e-06,1.0
16,8,grpo,31,124,3968,0,0.9960669705493508,0.9967941269221267,0.023500422655634342,1.0751118660124754,0.03224293645606318,0.0,0.0,1.270763937899887e-06,1.0
16,8,grpo,32,128,4096,0,0.9960985859769084,0.9968213406394117,0.02331755377188325,1.0752947348962265,0.032329083398540535,0.0,0.0,5.207809702555156e-07,1.0
16,8,grpo,33,132,4224,0,0.9961164386424382,0.9968366602193257,0.023213287463304588,1.0753990012048051,0.03226136239119035,0.0,0.0,2.1342818046271614e-07,1.0
16,8,grpo,34,136,4352,0,0.9961252088214264,0.9968442762437688,0.023160006148873587,1.075452282519236,0.03227668834965514,0.0,0.0,8.679080747661127e-08,1.0
16,8,grpo,35,140,4480,0,0.996175487749023,0.9968968974649048,0.022804200969440063,1.0758080876986698,0.0299586696995883,0.0,0.0,2.7670218494395346e-06,0.875
16,8,grpo,36,144,4608,0,0.9962241458810416,0.9969480469895787,0.02245184484095657,1.076160443827153,0.03227212259790837,0.0,0.0,3.317162647216942e-06,1.0
16,8,grpo,37,148,4736,0,0.9962500855549995,0.996975661661381,0.022256154116829532,1.0763561345512802,0.032217805637530926,0.0,0.0,1.2942786976677141e-06,1.0
16,8,grpo,38,152,4864,0,0.9963838035110779,0.9970741554941347,0.021644242915732154,1.0769680457523774,0.03030734427838582,0.0,0.0,4.913441344290197e-06,0.875
16,8,grpo,39,156,4992,0,0.9965155776977819,0.9971691478750186,0.021049885093044573,1.077562403575065,0.032330809865808365,0.0,0.0,5.586463104459342e-06,1.0
16,8,grpo,40,160,5120,0,0.9965922752237557,0.9972243330839973,0.020698376553386653,1.0779139121147232,0.03232616533230116,0.0,0.0,2.1564833481617212e-06,1.0
16,8,grpo,41,164,5248,0,0.9966373669750542,0.9972566101843867,0.02049024902010184,1.0781220396480078,0.0323798859797235,0.0,0.0,8.622864770403676e-07,1.0
16,8,grpo,42,168,5376,0,0.9966635919518503,0.9972751909041377,0.02036934566943973,1.07824294299867,0.03240369188993442,0.0,0.0,3.525014460760938e-07,1.0
16,8,grpo,43,172,5504,0,0.9966781470362924,0.997285269080024,0.020303200286232025,1.0783090883818778,0.03240647252105639,0.0,0.0,1.44793137663343e-07,1.0
16,8,grpo,44,176,5632,0,0.9966853429755541,0.9972899654246781,0.02027198969797893,1.078340298970131,0.032424510967457236,0.0,0.0,6.128124066767793e-08,1.0
16,8,grpo,45,180,5760,0,0.9966868177505654,0.9972901778140589,0.02026949539254557,1.0783427932755643,0.03227011486010017,0.0,0.0,3.092889278111788e-08,1.0
16,8,grpo,46,184,5888,0,0.9966844692703328,0.997287435515638,0.020285977107884202,1.0783263115602257,0.032349949086951414,0.0,0.0,1.897009548030301e-08,1.0
16,8,grpo,47,188,6016,0,0.9966792618909582,0.9972824984954164,0.020316518206945803,1.078295770461164,0.032285143411832945,0.0,0.0,1.641095208736094e-08,1.0
16,8,grpo,48,192,6144,0,0.9968137050312553,0.9973760321350971,0.01971239657436959,1.0788998920937403,0.028933217698025895,0.0,0.0,8.982339483565442e-06,0.875
16,8,grpo,49,196,6272,0,0.997082966980962,0.9975787684692732,0.018403287323430443,1.0802090013446795,0.029201836233407753,0.0,0.0,1.7691012880859743e-05,0.875
16,8,grpo,50,200,6400,0,0.9972911281332308,0.9977401799051461,0.017344848219336486,1.0812674404487732,0.03241881497233913,0.0,0.0,1.2478834507789866e-05,1.0
16,8,grpo,51,204,6528,0,0.9974096450533122,0.9978328965326553,0.016725569339228377,1.0818867193288815,0.03244354298856751,0.0,0.0,4.624128783655917e-06,1.0
16,8,grpo,52,208,6656,0,0.9976176500981779,0.9979874740094294,0.015686985826603318,1.0829253028415065,0.02798671710533299,0.0,0.0,7.454240423386237e-06,0.75
16,8,grpo,53,212,6784,0,0.9978018367944363,0.9981237429586627,0.014757193897895,1.0838550947702148,0.03251553616262716,0.0,0.0,7.505575004794665e-06,1.0
16,8,grpo,54,216,6912,0,0.9980731021452838,0.9983313886485713,0.013292805350360114,1.0853194833177495,0.020373114321245223,0.0,0.015625,1.9761035322646954e-05,0.625
16,8,grpo,55,220,7040,0,0.9982869760816343,0.9984969785447037,0.012089826577857073,1.0865224620902527,0.032581261529860635,0.0,0.0,1.585129964338848e-05,1.0
16,8,grpo,56,224,7168,0,0.9984065440849094,0.9985897122546397,0.011400663261030501,1.0872116254070794,0.03252915908990824,0.0,0.0,5.753934582469744e-06,1.0
16,8,grpo,57,228,7296,0,0.9984767761633244,0.9986440886938206,0.010990072472731975,1.0876222161953777,0.03263871288201167,0.0,0.0,2.2190988674218735e-06,1.0
16,8,grpo,58,232,7424,0,0.9985192586557783,0.9986768324766949,0.010739797147648271,1.0878724915204616,0.03263462737111701,0.0,0.0,8.883629309447503e-07,1.0
16,8,grpo,59,236,7552,0,0.9985454225178194,0.9986968672014944,0.010585157303650432,1.0880271313644594,0.032705311091698094,0.0,0.0,3.6354746114596686e-07,1.0
16,8,grpo,60,240,7680,0,0.9985611718917776,0.998708679536653,0.010492471765294721,1.088119816902815,0.032582147561106216,0.0,0.0,1.5141526047605359e-07,1.0
16,8,grpo,61,244,7808,0,0.9985962653739893,0.9987409622332579,0.010229584067832339,1.0883827046002772,0.027606899473847056,0.0,0.0078125,3.347330923588476e-06,0.875
16,8,grpo,62,248,7936,0,0.9986251965791004,0.9987673401220813,0.010008016050913074,1.0886042726171967,0.032724897392886705,0.0,0.0,3.1460743482815613e-06,1.0
16,8,grpo,63,252,8064,0,0.9986405264032512,0.998780760133171,0.009890761042486155,1.0887215276256237,0.0326108554904971,0.0,0.0,1.0776938517217702e-06,1.0
16,8,grpo,64,256,8192,0,0.9986763577635602,0.998814473518938,0.009617011017629231,1.0889952776504805,0.028663625272206034,0.0,0.0078125,2.8396069036112288e-06,0.875
16,8,grpo,65,260,8320,0,0.9987074151921412,0.9988431327475009,0.009380679293635185,1.0892316093744747,0.032624865378611735,0.0,0.0,2.700624442513702e-06,1.0
16,8,grpo,66,264,8448,0,0.9987522560752556,0.9988783619390735,0.009095435418996848,1.0895168532491128,0.029178610619239376,0.0,0.0,3.6751889721894883e-06,0.875
16,8,grpo,67,268,8576,0,0.9988972237169852,0.9990278542760501,0.008079000795455137,1.0905332878726546,0.02822118781654266,0.0,0.0078125,1.7038471484578893e-05,0.875
16,8,grpo,68,272,8704,0,0.9990168513802226,0.9991526191822114,0.007212949919051836,1.0913993387490577,0.03275044290804706,0.0,0.0,1.5528362713896784e-05,1.0
16,8,grpo,69,276,8832,0,0.9990826073019853,0.9992199483952532,0.006730264003893847,1.0918820246642156,0.03273224619874264,0.0,0.0,5.302057245263055e-06,1.0
16,8,grpo,70,280,8960,0,0.9991209254558808,0.9992587275790185,0.0064466485372858115,1.092165640130824,0.032716288988007866,0.0,0.0,1.9515362029436554e-06,1.0
16,8,grpo,71,284,9088,0,0.9991441159729395,0.9992820344036415,0.006274044506591867,1.092338244161518,0.03279463605457613,0.0,0.0,7.553676856043426e-07,1.0
16,8,grpo,72,288,9216,0,0.9991584250197698,0.9992963709443418,0.006167033354071305,1.0924452553140387,0.032772691693088676,0.0,0.0,3.0092084714458416e-07,1.0
16,8,grpo,73,292,9344,0,0.999167327929796,0.9993052950990187,0.0061001075285270715,1.0925121811395826,0.032789587612055214,0.0,0.0,1.2257413866010696e-07,1.0
16,8,grpo,74,296,9472,0,0.9991728000127951,0.9993108073020731,0.006058652818511892,1.092553635849598,0.0327767760852768,0.0,0.0,4.948666389738322e-08,1.0
16,8,grpo,75,300,9600,0,0.999176127444985,0.9993141901738721,0.006033185620924854,1.092579103047185,0.03281833186824572,0.0,0.0,1.9864337511091524e-08,1.0
16,8,grpo,76,304,9728,0,0.999178057486551,0.9993161883627106,0.006018143451700892,1.092594145216409,0.03280525834300252,0.0,0.0,7.522852577737158e-09,1.0
16,8,grpo,77,308,9856,0,0.9991788923833254,0.9993171178672378,0.006011123197838553,1.0926011654702712,0.03272381437492786,0.0,0.0,2.174033072250055e-09,1.0
16,8,grpo,78,312,9984,0,0.9991790712940618,0.9993174039155603,0.006008950453590763,1.092603338214519,0.03279156027752256,0.0,0.0,5.542242571019733e-10,1.0
16,8,grpo,79,316,10112,0,0.9991788207232144,0.9993172694712832,0.006009951280501232,1.0926023373876088,0.032765054103222946,0.0,0.0,1.821387149304884e-10,1.0
16,8,grpo,80,320,10240,0,0.9991781685069894,0.9993167505383372,0.006013828213500976,1.0925984604546088,0.032723794066659456,0.0,0.0,3.530155208241461e-10,1.0
16,8,grpo,81,324,10368,0,0.9991773346443249,0.9993160553884324,0.006019042878423062,1.092593245789687,0.032778026716578305,0.0,0.0,5.318206148253275e-10,1.0
16,8,grpo,82,328,10496,0,0.9991764663897253,0.9993153203121021,0.006024578136767408,1.0925877105313424,0.032791256374946454,0.0,0.0,5.518138325670106e-10,1.0
16,8,grpo,83,332,10624,0,0.999175647167313,0.9993146243483807,0.006029848980646976,1.0925824396874628,0.03281864298482773,0.0,0.0,4.60703933706781e-10,1.0
16,8,grpo,84,336,10752,0,0.9991747353050006,0.9993138420616807,0.006035768590500582,1.0925765200776092,0.03275028143805279,0.0,0.0,5.887069309550337e-10,1.0
16,8,grpo,85,340,10880,0,0.9991739019714312,0.9993131303769697,0.006041188788282399,1.0925710998798275,0.03284588102311927,0.0,0.0,4.5282613965150317e-10,1.0
16,8,grpo,86,344,11008,0,0.999173242419277,0.9993125751796331,0.006045474792098227,1.0925668138760116,0.032845486377061195,0.0,0.0,2.433085506066915e-10,1.0
16,8,grpo,87,348,11136,0,0.9991725426363158,0.9993119820418563,0.006050039486837523,1.092562249181272,0.03277674398886285,0.0,0.0,2.7654508600983343e-10,1.0
16,8,grpo,88,352,11264,0,0.9991716591091108,0.9993112208580097,0.006055829491358814,1.0925564591767507,0.03274918213713038,0.0,0.0,5.056929598970889e-10,1.0
16,8,grpo,89,356,11392,0,0.9991705703857799,0.9993102702502559,0.006062992804991845,1.092549295863118,0.03274924796684848,0.0,0.0,9.256516599735914e-10,1.0
16,8,grpo,90,360,11520,0,0.999192997907514,0.9993261777050774,0.005925976281328464,1.0926863123867812,0.02822595846253216,0.0,0.0078125,2.0832826019361835e-06,0.875
16,8,grpo,91,364,11648,0,0.9992125748445415,0.9993402197093146,0.005801002242156932,1.092811286425953,0.03278362495998128,0.0,0.0,2.0838509206142936e-06,1.0
16,8,grpo,92,368,11776,0,0.9992223144172847,0.9993472153858729,0.005736300564807054,1.0928759881033026,0.0327669341158389,0.0,0.0,7.049123838703447e-07,1.0
16,8,grpo,93,372,11904,0,0.9992274068035281,0.9993508403737583,0.005701449637987429,1.0929108390301225,0.032806808175808604,0.0,0.0,2.601190008450877e-07,1.0
16,8,grpo,94,376,12032,0,0.9992298902219313,0.999352525041862,0.005683919822430034,1.0929283688456797,0.03272591729036414,0.0,0.0,1.0220976704382267e-07,1.0
16,8,grpo,95,380,12160,0,0.9992309626701644,0.9993531625864777,0.005675977290397219,1.0929363113777124,0.03280845111245438,0.0,0.0,4.197475757701968e-08,1.0
16,8,grpo,96,384,12288,0,0.9992312572802233,0.9993532315496626,0.005673415143012373,1.0929388735250973,0.03278146339571207,0.0,0.0,1.7903260193800968e-08,1.0
16,8,grpo,97,388,12416,0,0.9992309723645324,0.9993528596149763,0.0056748621134693296,1.0929374265546405,0.03274648543418339,0.0,0.0,8.27583009764431e-09,1.0
16,8,grpo,98,392,12544,0,0.9992304988615832,0.9993523717513372,0.0056776769085802115,1.0929346117595293,0.03282349749246859,0.0,0.0,3.836098681207183e-09,1.0
16,8,grpo,99,396,12672,0,0.9992297990566195,0.9993517120887923,0.005682076861932783,1.092930211806177,0.032752829566619415,0.0,0.0,2.1247922327077347e-09,1.0
16,8,grpo,100,400,12800,0,0.9992289081475839,0.9993509005270738,0.005687800995669429,1.0929244876724402,0.03277383387219829,0.0,0.0,1.5069624218843133e-09,1.0
16,8,grpo,101,404,12928,0,0.9992279575277241,0.9993500465646346,0.005693968539934229,1.0929183201281756,0.032801552092732784,0.0,0.0,1.1575597184533603e-09,1.0
16,8,grpo,102,408,13056,0,0.9992270902735003,0.9993492794961865,0.005699605078409572,1.0929126835897003,0.032816253525499016,0.0,0.0,7.210161982350998e-10,1.0
16,8,grpo,103,412,13184,0,0.9992262179381357,0.9993485136659617,0.005705294401758784,1.0929069942663512,0.03279420374798529,0.0,0.0,6.148600151863388e-10,1.0
16,8,grpo,104,416,13312,0,0.9992252593771299,0.9993476726487495,0.0057115682270100126,1.0929007204410996,0.03278002030948687,0.0,0.0,7.023740117270177e-10,1.0
16,8,grpo,105,420,13440,0,0.9992242105920828,0.9993467539357054,0.005718438947040666,1.0928938497210692,0.032765793440248124,0.0,0.0,8.049074041063031e-10,1.0
16,8,grpo,106,424,13568,0,0.9992231277576548,0.999345805102892,0.005725542662418957,1.0928867460056908,0.0327936140267717,0.0,0.0,8.579751651340283e-10,1.0
16,8,grpo,107,428,13696,0,0.9992221381239114,0.9993449388414543,0.005732045772799751,1.09288024289531,0.03283625801647835,0.0,0.0,7.061125542594253e-10,1.0
16,8,grpo,108,432,13824,0,0.9992211451651867,0.999344069414913,0.005738575166096157,1.0928737135020137,0.03278626175425654,0.0,0.0,7.070584959638249e-10,1.0
16,8,grpo,109,436,13952,0,0.9992200670563371,0.9993431249952378,0.005745659525116398,1.0928666291429932,0.03277198942112084,0.0,0.0,8.280665345019413e-10,1.0
16,8,grpo,110,440,14080,0,0.9992191306081277,0.9993423094439464,0.005751810177311623,1.092860478490798,0.032857796000038866,0.0,0.0,5.746377595681054e-10,1.0
16,8,grpo,111,444,14208,0,0.9992183058657567,0.9993415939392596,0.00575722987625868,1.092855058791851,0.03282881420864919,0.0,0.0,4.2547168352487696e-10,1.0
16,8,grpo,112,448,14336,0,0.9992170439038968,0.9993404796579638,0.005765536806988224,1.0928467518611213,0.03266943514911088,0.0,0.0,1.2647896439837301e-09,1.0
16,8,grpo,113,452,14464,0,0.9992156989044907,0.9993392908788183,0.005774387346646193,1.0928379013214637,0.032814291548027584,0.0,0.0,1.464908101213827e-09,1.0
16,8,grpo,114,456,14592,0,0.9992142234288018,0.9993379862687788,0.005784086009352126,1.0928282026587575,0.032705269536270155,0.0,0.0,1.7612092704294137e-09,1.0
16,8,grpo,115,460,14720,0,0.999212811683238,0.9993367401122909,0.005793361024145974,1.0928189276439637,0.03282105380239109,0.0,0.0,1.5583463549454815e-09,1.0
16,8,grpo,116,464,14848,0,0.9992114007981338,0.9993354950024006,0.005802628187219818,1.09280966048089,0.03274783920715338,0.0,0.0,1.5482161492401853e-09,1.0
16,8,grpo,117,468,14976,0,0.9992760145455369,0.9994018315507582,0.005311221980643964,1.0933010666874656,0.027002378115652807,0.0,0.0078125,9.72929888487193e-06,0.875
16,8,grpo,118,472,15104,0,0.9993326752933944,0.9994580121700052,0.004879224641800711,1.0937330640263092,0.032845095737934614,0.0,0.0,8.97376003478866e-06,1.0
16,8,grpo,119,476,15232,0,0.9993626375519347,0.999486815742824,0.004651040416717685,1.093961248251392,0.03285722704277483,0.0,0.0,2.8688786689080255e-06,1.0
16,8,grpo,120,480,15360,0,0.9993796660001137,0.9995028675071249,0.004521588509185354,1.0940907001589246,0.03280769554351463,0.0,0.0,1.0188826455028582e-06,1.0
