step,optimizer_steps,sampled_episodes,sampled_transitions,old_policy_kl,expected_return,left_probability,left_success_probability,value_start
0,0,0,0,0.0,0.3,0.5,0.5,0.0
1,4,64,128,0.04418156623558858,0.46282433988633476,0.6426371241126927,0.6481137915855942,0.2922237362315153
2,8,128,256,0.03354653690193414,0.6180211127842384,0.7564680686888451,0.7679059292750586,0.49185997801348136
3,12,192,384,0.02720886361985904,0.752272488504825,0.8489146582718194,0.8563185600527169,0.6825485270213507
4,16,256,512,0.016083345933807176,0.8428165531801322,0.9060564455853313,0.9119115025639063,0.8775172277476512
5,20,320,640,0.007967201525698043,0.8970258660122038,0.940290923089133,0.9424694569815235,0.9506570411424856
6,24,384,768,0.0035720786455744457,0.9277887171382787,0.958013550615429,0.9603743321972845,0.9512635876524572
7,28,448,896,0.002436362947842443,0.9497217700783491,0.9707962396413718,0.9726982796742468,0.8854198615565412
8,32,512,1024,0.001342181910869993,0.9634758408861421,0.978509704870348,0.9805306528133758,0.8812157967964425
9,36,576,1152,0.0006527470796760006,0.9718212651209681,0.9836159211668322,0.9848849025965354,0.9719952344860586
10,40,640,1280,0.0003348375223519446,0.9771693808568704,0.9867590291760875,0.9877596283298381,1.0431121082644632
11,44,704,1408,0.00018212228682650097,0.9807870007697244,0.9885446330337646,0.9899713566398815,1.024194285195774
12,48,768,1536,0.00013511227621384008,0.9836631508944229,0.9899522096830331,0.9917348724183508,0.9556551442089944
13,52,832,1664,7.433906883561167e-05,0.9856456773798871,0.9909770358067755,0.9929035569045732,0.9511037260308823
14,56,896,1792,0.00012213144792200042,0.9879995815348559,0.9921614263647497,0.9943151278857969,0.9506154055345181
15,60,960,1920,9.063803787983917e-05,0.9898394701931913,0.9931226041307062,0.9953875332884125,0.9805836487135835
16,64,1024,2048,3.5884166967011855e-05,0.9909236982733151,0.9937132348540485,0.9959988673949587,1.025717490793489
17,68,1088,2176,2.504765956450996e-05,0.9917484453978723,0.9940807350473703,0.9965299115613695,1.008244073430251
18,72,1152,2304,2.504794684608177e-05,0.9924631984830704,0.9943119870947025,0.9970607721859627,0.9646423514232305
19,76,1216,2432,1.4031961805839008e-05,0.9929581268429156,0.9944653403099938,0.9974337377536802,0.9767413901009385
20,80,1280,2560,5.764531457005561e-06,0.993267164275338,0.9945706938506698,0.9976587544108412,1.0169190454258652
21,84,1344,2688,2.415452450842549e-06,0.9934627074198004,0.9946400251086441,0.9977989371289406,1.0190379953600652
22,88,1408,2816,4.90868228279353e-06,0.9936949497943288,0.9946817074180084,0.9979984984259593,0.9787416831660082
23,92,1472,2944,4.10610172341028e-06,0.9938917548462495,0.9947098599844916,0.9981734336720767,0.9756772794814054
24,96,1536,3072,5.114694177777732e-06,0.9942144990337473,0.9949744330828565,0.9982825658073464,0.997267675696039
25,100,1600,3200,5.0595898309658755e-06,0.9945174747828643,0.9952631882582198,0.9983521095852596,1.008597675158289
26,104,1664,3328,2.146191268299914e-06,0.9947107444063414,0.9954468172353484,0.9983969145022238,1.0034197901060555
27,108,1728,3456,6.868130860120025e-06,0.9950156269599268,0.9957874051545881,0.9984261702335837,0.9817512615422249
28,112,1792,3584,6.449810485975356e-06,0.9952932575832714,0.996106441731608,0.9984455682345107,0.9893865459065248
29,116,1856,3712,1.0425690244176009e-05,0.9956202598885819,0.9964944568921512,0.9984584576433663,0.9985324703933922
30,120,1920,3840,1.8714411285381194e-05,0.9960228061369006,0.9969812009373358,0.9984669350725505,0.9862594151442322
31,124,1984,3968,1.1620718502753273e-05,0.9963188165895555,0.9973399120455949,0.9984725273299232,0.9942426003385149
32,128,2048,4096,1.2312938490075624e-05,0.996602147986992,0.9976852117540499,0.9984762949941068,0.9954267247545215
33,132,2112,4224,8.058270826530862e-06,0.9968169964895057,0.9979474419688503,0.9984788338557108,0.9960639192941282
34,136,2176,4352,3.2244116430152076e-06,0.9969468000944055,0.9981057162541159,0.9984804934998879,1.0036921125484504
35,140,2240,4480,5.7085211894660834e-06,0.9971100245301626,0.9983059790127491,0.9984815782806035,0.9878277935142594
36,144,2304,4608,4.439502173946438e-06,0.9972463378812643,0.9984734241545563,0.9984823220944247,0.9911370452723741
37,148,2368,4736,1.800659028480598e-06,0.9973297506054044,0.9985758217783703,0.9984828300010974,1.0096191434136568
38,152,2432,4864,3.980739050074053e-06,0.9974476620019991,0.9987210575555833,0.9984831529313744,0.9891674212946098
39,156,2496,4992,3.2680423841160925e-06,0.9975489999271,0.9988459653473523,0.9984833605764792,0.9874975653018937
40,160,2560,5120,1.3240090975329623e-06,0.9976109904707343,0.9989223468276559,0.9984835096220279,1.010116657175635
41,164,2624,5248,5.505273986742205e-07,0.9976499221645647,0.9989703053688526,0.9984836121485706,1.0055824996316767
42,168,2688,5376,2.340377752030036e-06,0.9977847805814967,0.9990008649233096,0.9985938383742116,0.9736408366846947
43,172,2752,5504,8.826105793996258e-06,0.9980105569235839,0.9990206718683498,0.9988037815840534,0.9739859940865409
44,176,2816,5632,5.955027040757713e-06,0.9981813139202953,0.9990337689371105,0.998964085327387,1.0124162765541311
45,180,2880,5760,2.3160173444313767e-06,0.9982826680600955,0.9990423761974732,0.999058556990998,1.0125475759961013
46,184,2944,5888,2.2236846752008984e-06,0.9983964402926689,0.999111457135507,0.999116409772901,0.9729619566676111
47,188,3008,6016,1.955457014540541e-06,0.9984916441087185,0.9991840235665495,0.9991528442264234,0.9921090066351499
48,192,3072,6144,8.078300861372585e-07,0.9985514423594594,0.9992289681969965,0.9991762411608683,1.0198976649683666
49,196,3136,6272,3.3903729268973027e-07,0.9985896052367929,0.9992573709947028,0.9991913993852074,0.9977159653194506
50,200,3200,6400,1.4441682050246108e-07,0.9986142590640223,0.9992756125766404,0.9992012782160727,0.9883101036857099
51,204,3264,6528,6.268809975495282e-08,0.9986303918845393,0.99928750373967,0.9992077794904073,1.0060924336321417
52,208,3328,6656,2.7244749256709368e-08,0.9986409861994334,0.9992952822105429,0.9992120733826138,1.0048263683421337
53,212,3392,6784,1.1769086793732895e-08,0.9986479288986263,0.999300370459135,0.9992148946637227,0.994093640563255
54,216,3456,6912,5.164744417353652e-09,0.998652515348917,0.9993037337513275,0.9992167568715151,0.9996225153714562
55,220,3520,7040,2.28408343137496e-09,0.9986555635418278,0.9993059640215753,0.9992179985593522,1.0038703215778335
56,224,3584,7168,9.883460454208115e-10,0.9986575689014764,0.9993074274663937,0.9992188185383851,0.9983705707311352
57,228,3648,7296,4.3069567410131545e-10,0.9986588895424886,0.999308394647486,0.9992193557645508,0.9983988639674929
58,232,3712,7424,1.9302634483420225e-10,0.9986597731313945,0.9993090418988037,0.9992197150803853,1.0018411686954987
59,236,3776,7552,8.401714107103259e-11,0.9986603577980118,0.9993094671964727,0.999219955258784,1.000015230480341
60,240,3840,7680,3.593270815763983e-11,0.9986607392727348,0.9993097459391493,0.9992201109525413,0.9988462544987633
61,244,3904,7808,1.6233083301372252e-11,0.9986609947351835,0.9993099340004099,0.9992202140844014,1.000645376849803
62,248,3968,7936,7.192927389827727e-12,0.9986611658749813,0.9993100582645164,0.9992202845712279,1.0003402581328884
63,252,4032,8064,2.9989826474611324e-12,0.9986612764136777,0.9993101384611763,0.9992203301513021,0.9993930125634196
64,256,4096,8192,1.3510846663781808e-12,0.9986613497979163,0.9993101929442232,0.999220359403541,1.0001644124120486
65,260,4160,8320,6.1842137427615e-13,0.9986613999042392,0.9993102294345766,0.9992203799528455,1.0002744977166824
66,264,4224,8448,2.51114251725364e-13,0.998661432119692,0.9993102524300157,0.999220393542541,0.9997167012566451
67,268,4288,8576,1.1100318141586006e-13,0.9986614530558003,0.9993102681364696,0.9992204017560578,1.0000182539149811
68,272,4352,8704,1.8042794998131854e-06,0.9987339702718737,0.9993102304560768,0.9992929995835625,0.9787674013768276
69,276,4416,8832,2.2302216095223197e-06,0.998810378108379,0.9993102464826941,0.999369447161163,0.9995797275070597
70,280,4480,8960,8.828726799854283e-07,0.9988563898308631,0.9993102930965195,0.9994154528319675,1.013225839031527
71,284,4544,9088,3.604226585654508e-07,0.9988849051943476,0.9993102827745188,0.9994439962491566,0.9921712762000287
72,288,4608,9216,1.5084328188821014e-07,0.9989030003231838,0.999310279088442,0.9994621068572284,0.9968619012212833
73,292,4672,9344,6.425254446236354e-08,0.9989146780555184,0.9993102996379648,0.999473775979761,1.0066724492377748
74,296,4736,9472,2.7479490165805113e-08,0.9989222374510485,0.9993102969423655,0.999481342779295,0.9976196161227339
75,300,4800,9600,1.184346351360696e-08,0.9989271697038269,0.9993102917817123,0.99948628262259,0.9975890529912734
76,304,4864,9728,5.162780342077828e-09,0.9989304236656669,0.9993103001691704,0.9994895320262391,1.0029690435240888
77,308,4928,9856,2.2365436027193684e-09,0.9989325555528348,0.9993103000333954,0.9994916654949275,0.9994423551477176
78,312,4992,9984,9.687394827555854e-10,0.9989339538259976,0.999310296829747,0.9994930673320012,0.9986658570280096
79,316,5056,10112,4.2656254745588175e-10,0.9989348849940287,0.999310300021933,0.9994939965531447,1.001210474482197
80,320,5120,10240,1.4376987064618845e-06,0.998984990712398,0.9993713536467272,0.9994946089913249,0.980972666980764
81,324,5184,10368,1.7859657657405649e-06,0.9990377894248837,0.9994359888367783,0.9994950107967596,1.0028899397827262
82,328,5248,10496,7.089565626777709e-07,0.9990697068320891,0.9994750309638589,0.9994952784551899,1.0100331524788995
83,332,5312,10624,2.8991906030885846e-07,0.9990895680058174,0.9994993129622808,0.9994954552667371,0.9898344639257038
84,336,5376,10752,1.2151469139353471e-07,0.9991021952354052,0.9995147473113494,0.9994955705362677,1.001957801299654
85,340,5440,10880,5.1656251550588945e-08,0.999110331931681,0.9995246891667419,0.9994956477993429,1.0049700513948079
86,344,5504,11008,2.2064739904872723e-08,0.9991156084899879,0.9995311349956972,0.9994956990019167,0.9944635663706648
87,348,5568,11136,9.536624852756389e-09,0.9991190586372866,0.9995353503234565,0.9994957319640625,1.001559995538675
88,352,5632,11264,4.134943809645959e-09,0.9991213232340295,0.9995381163108918,0.9994957542937679,1.002245063500195
89,356,5696,11392,1.7843019220663257e-09,0.9991228076654098,0.9995399291028507,0.9994957691727273,0.9969855978062674
90,360,5760,11520,7.79808175706738e-10,0.9991237870521379,0.9995411256985798,0.9994957785305542,1.0012425272003909
91,364,5824,11648,3.398320371607663e-10,0.9991244332357397,0.9995419148259775,0.999495785002502,1.0008420021573647
92,368,5888,11776,1.465427566594527e-10,0.9991248573840316,0.9995424326811129,0.9994957893479398,0.9984123145164907
93,372,5952,11904,1.6517628535434776e-06,0.9991806133144313,0.999542750793172,0.9995513127854239,0.977401501456679
94,376,6016,12032,1.9846009987142356e-06,0.9992378312396363,0.9995429858267778,0.9996083662392894,1.005344245827543
95,380,6080,12160,7.671937644428499e-07,0.9992715960112316,0.9995431514348381,0.999642012111348,1.0090075966492211
96,384,6144,12288,3.0841424465879807e-07,0.999292261804767,0.9995432413708817,0.9996626143943821,0.9891466065361373
97,388,6208,12416,1.2771408233701674e-06,0.999341159007763,0.9995875769298979,0.9996755684367399,0.9839749137724655
98,392,6272,12544,1.4621130104612174e-06,0.9993870057702948,0.9996339100975951,0.9996838494108222,1.0095302895153369
99,396,6336,12672,5.749584812481384e-07,0.9994148076181721,0.9996616078012095,0.9996891944115096,1.0018550302046716
100,400,6400,12800,2.3400946333280044e-07,0.9994321697719295,0.9996787270671247,0.9996926764524162,0.9916380863311874
101,404,6464,12928,9.763374279894088e-08,0.999443227830358,0.9996895564139516,0.9996949541570617,1.0069142845148433
102,408,6528,13056,4.127771815322179e-08,0.9994503506398085,0.9996965018312084,0.9996964456572575,0.9989020807293256
103,412,6592,13184,1.7624560712422358e-08,0.9994549789999717,0.9997009985646155,0.9996974280826364,0.9963779020238458
104,416,6656,13312,7.595801793354779e-09,0.9994580048677815,0.9997039330943369,0.9996980746414666,1.0043644447006959
105,420,6720,13440,3.273757514040048e-09,0.9994599855803966,0.9997058521562219,0.9996984993822651,0.9980634801927192
106,424,6784,13568,1.4177345291603628e-09,0.9994612877998631,0.999707111477576,0.9996987805461428,0.999013395478584
107,428,6848,13696,1.16748528566054e-06,0.9994978930708707,0.9997079297670546,0.9997347327962903,0.9779048056305638
108,432,6912,13824,1.3755755329804065e-06,0.9995347131588782,0.9997084789343406,0.9997711181717005,1.006110917366147
109,436,6976,13952,5.254813310572114e-07,0.9995562379322773,0.9997088446345088,0.9997923525680696,1.0073198547459479
110,440,7040,14080,2.096809464768482e-07,0.9995693396916224,0.9997090781152459,0.9998052687420517,0.9894179039758021
111,444,7104,14208,8.628399541921126e-08,0.9995775478525295,0.9997092369512595,0.9998133504415061,1.0058291686307077
112,448,7168,14336,3.6173010767668606e-08,0.9995827786508537,0.9997093414481658,0.9998184979912627,1.0005470176924363
113,452,7232,14464,1.534412561426963e-08,0.9995861480259175,0.9997094078010967,0.9998218145189401,0.9961426713852183
114,456,7296,14592,6.579452124921462e-09,0.9995883412422595,0.9997094541445825,0.9998239707778103,1.0033806421706866
115,460,7360,14720,2.8304157457369416e-09,0.999589772443415,0.9997094837066036,0.9998253784134286,0.9989181990874115
116,464,7424,14848,1.2217498837124455e-09,0.9995907095681773,0.9997095027390308,0.9998263003708985,0.9991813957606483
117,468,7488,14976,5.305329786584424e-10,0.9995913266535319,0.9997095162726053,0.9998269066567557,1.0013518493866482
118,472,7552,15104,2.2951413228557485e-10,0.9995917314825654,0.9997095245360095,0.9998273048999137,0.9991633263935735
119,476,7616,15232,9.966472555801718e-11,0.9995919981078066,0.9997095300919974,0.9998275670954505,1.0000870083264901
120,480,7680,15360,4.345998738864119e-11,0.9995921742541397,0.9997095339889668,0.9998277401316307,1.0003276439622975
