algorithm,step,optimizer_steps,sampled_actions,pair_presentations,expected_reward,best_action_probability,entropy,kl_reference,loss,value_loss,clip_fraction,old_policy_kl,zero_group_fraction
ppo,0,0,0,0,0.23333333333333334,0.3333333333333333,1.0986122886681096,0.0,0.0,0.0,0.0,0.0,0.0
ppo,1,4,128,0,0.3812612258078901,0.43746717073100233,1.0680892852352877,0.030523003432822243,-0.10827865244107238,0.3548856684674133,0.640625,0.030914271457054582,0.0
ppo,2,8,256,0,0.5125577272460702,0.5345694488723868,0.991374020792779,0.10723826787533086,0.12915946196696954,0.3982462271706808,0.65625,0.02714293453463185,0.0
ppo,3,12,384,0,0.6481789470965501,0.6601472218840954,0.8554451289398822,0.2431671597282275,-0.21326547608465093,0.31941671215208384,0.90625,0.03420436129735939,0.0
ppo,4,16,512,0,0.7641241833271158,0.7727389264682732,0.6792164093869455,0.41939587928116423,-0.13334371512750332,0.24341049849151286,0.3671875,0.03307015307304728,0.0
ppo,5,20,640,0,0.8447104497898148,0.8514450130215958,0.5145664848002092,0.5840458038679006,-0.12407663091840908,0.1627461193417791,0.1796875,0.021829347132699888,0.0
ppo,6,24,768,0,0.8977219029946055,0.9025748787996217,0.3817935276498476,0.7168187610182623,0.1373442828469744,0.21678812296334826,0.1875,0.013109416698859386,0.0
ppo,7,28,896,0,0.9298228374052254,0.9334581686286112,0.2875332922563384,0.8110789964117714,0.09042315130056827,0.10184286506019713,0.1015625,0.0068254926394257474,0.0
ppo,8,32,1024,0,0.9502228941632382,0.9530276016166764,0.22017553753128646,0.8784367511368234,0.08546357663948691,0.11205594791999966,0.109375,0.003895828779186954,0.0
ppo,9,36,1152,0,0.9620165797830043,0.9642824167751688,0.17756263950394874,0.9210496491641609,-0.07259195624135716,0.0240588002979915,0.015625,0.0017342887684331093,0.0
ppo,10,40,1280,0,0.9690064218323572,0.9709760447720532,0.15050929312966616,0.9481029955384436,-0.0715591923550921,0.009009023166364547,0.015625,0.0007657802563100267,0.0
ppo,11,44,1408,0,0.9735750328440278,0.9754121016255886,0.13174103902482537,0.9668712496432845,-0.0011196563417088749,0.01216174889023593,0.0078125,0.00041117286267808507,0.0
ppo,12,48,1536,0,0.9768412714793753,0.9785695865308541,0.11788333494962072,0.980728953718489,0.050599502581459926,0.019232520190132118,0.0,0.00023746459637631688,0.0
ppo,13,52,1664,0,0.9791608733437173,0.9807712303158558,0.107901897987104,0.9907103906810057,0.036026683674975635,0.014925286348915101,0.0,0.00012900573760357272,0.0
ppo,14,56,1792,0,0.9811685510605097,0.9826876685217534,0.0989910283110294,0.9996212603570802,0.019831825837611873,0.025110095991431436,0.0,0.00011716679859731554,0.0
ppo,15,60,1920,0,0.9829624099221492,0.9844076347218298,0.09077624360651165,1.007836045061598,0.001102694592749887,0.021231338556935382,0.0,0.00011185932287578504,0.0
ppo,16,64,2048,0,0.9844972389131869,0.9858723252844468,0.08362854497995609,1.0149837436881537,-0.014028125516765183,0.017832373994096856,0.0,8.347262802499056e-05,0.0
ppo,17,68,2176,0,0.9858668634453447,0.9871739710467393,0.07713879240003932,1.0214734962680705,0.010157955660163311,0.02175798793975232,0.0,7.379777053490832e-05,0.0
ppo,18,72,2304,0,0.9869779561727579,0.9882080244319397,0.07186403080849493,1.026748257859615,0.004732931057725996,0.014033462872036983,0.0,5.5559738911762656e-05,0.0
ppo,19,76,2432,0,0.9880448941403451,0.989166188933156,0.06695004432920006,1.0316622443389096,0.010491793803216989,0.017972758872092008,0.0,4.531001712763317e-05,0.0
ppo,20,80,2560,0,0.9890758264524298,0.9900611234858465,0.06233844739156904,1.0362738412765407,0.000909229987656102,0.013928061390732962,0.0,5.0447209615543835e-05,0.0
ppo,21,84,2688,0,0.990031043449022,0.9908887016722145,0.05799077058359129,1.0406215180845186,0.01117770724723095,0.017194941458583638,0.0078125,5.7131040924757736e-05,0.0
ppo,22,88,2816,0,0.9908032592790009,0.9915608960304876,0.0543606020224576,1.0442516866456522,0.0026377191837606674,0.013848788842445664,0.0,3.785544375061721e-05,0.0
ppo,23,92,2944,0,0.9913225884213536,0.992014258653205,0.05186510831148544,1.0467471803566244,-0.007356661231020958,0.0007050531913598545,0.0,1.795850729717468e-05,0.0
ppo,24,96,3072,0,0.9917522806296111,0.9923855389989138,0.049799698176442024,1.0488125904916679,0.017534363356626628,0.013778318305021069,0.0,1.0980860851079006e-05,0.0
ppo,25,100,3200,0,0.992260327054877,0.9928690422547732,0.04712180308557509,1.0514904855825349,0.00807046061634449,0.009759113754370458,0.0,1.962826218028451e-05,0.0
ppo,26,104,3328,0,0.9928750528515541,0.9934670621995462,0.043763330043165696,1.054848958624944,0.01001736512759413,0.019749115052861813,0.0,3.564225495257303e-05,0.0
ppo,27,108,3456,0,0.9933970514778773,0.9939800097659087,0.040827498666073075,1.0577847900020367,-0.020183787278613845,0.0032682665239076245,0.0,3.199803383366515e-05,0.0
ppo,28,112,3584,0,0.9937374106695954,0.9943168124044119,0.038865263942700214,1.0597470247254095,-0.003073376857820432,0.0002158696777209007,0.0,1.6054764901913705e-05,0.0
ppo,29,116,3712,0,0.9940417626673501,0.9946276285486069,0.037032179168351574,1.0615801094997581,0.024023200142932098,0.006380085246390065,0.0,1.6633790409124445e-05,0.0
ppo,30,120,3840,0,0.9942716303391134,0.9948641656384639,0.03561542191046638,1.0629968667576433,-0.003368778576259256,0.00041710772492319136,0.0,1.1120031505460257e-05,0.0
ppo,31,124,3968,0,0.9944152937540973,0.9950110855980036,0.034724066146622254,1.0638882225214874,-0.013503786646375082,0.00011392752978097692,0.0,4.532850758864098e-06,0.0
ppo,32,128,4096,0,0.994507086424465,0.9951045676435735,0.03415220473955755,1.0644600839285525,0.00016240345887768976,0.0001301458819651689,0.0,1.9025403609774407e-06,0.0
ppo,33,132,4224,0,0.9946048335216718,0.9952058169159157,0.03353623017303961,1.06507605849507,0.015456227160518136,0.0030396662931081375,0.0,2.049441605301646e-06,0.0
ppo,34,136,4352,0,0.9946867158934325,0.9952908788683621,0.03301703089350566,1.0655952577746042,0.0004508468723888101,0.0001260009857330537,0.0,1.8031395606379857e-06,0.0
ppo,35,140,4480,0,0.9947399001207753,0.9953459076188622,0.032679119465448686,1.0659331692026612,-0.009411587719380221,5.5357975929830946e-05,0.0,7.69643176844405e-07,0.0
ppo,36,144,4608,0,0.9948091870098523,0.995417986841062,0.03223511821210629,1.0663771704560037,0.0023807944402160883,0.0029748621363700936,0.0,2.0788573466098864e-06,0.0
ppo,37,148,4736,0,0.9948698060018404,0.9954808177063307,0.03184458732411327,1.0667677013439965,0.0023763474389444585,3.801376194419814e-05,0.0,1.8682435384013032e-06,0.0
ppo,38,152,4864,0,0.9949083901816915,0.995520601002642,0.03159534831515605,1.0670169403529537,0.0005959638057987112,7.316044465790478e-06,0.0,7.764149918804723e-07,0.0
ppo,39,156,4992,0,0.9950083470077546,0.9956058099147775,0.03106441264467475,1.0675478760234347,0.01437112048579092,0.01309251601787809,0.0,2.4392416842990643e-06,0.0
ppo,40,160,5120,0,0.9951063947063858,0.9956879144887141,0.03054855456814367,1.0680637340999664,-0.009529383968553299,0.00036160256106287903,0.0,2.8104447267970098e-06,0.0
ppo,41,164,5248,0,0.9951679481680993,0.9957398389832303,0.03021954308739276,1.0683927455807172,-0.004935743367511759,1.1102519248264631e-05,0.0,1.1648756927265654e-06,0.0
ppo,42,168,5376,0,0.9952071722390645,0.995773066968656,0.03000782843057532,1.0686044602375344,0.004646086673740286,0.00016897768314432936,0.0,4.894186148320369e-07,0.0
ppo,43,172,5504,0,0.9952323458094017,0.9957944267881249,0.029871221522689412,1.0687410671454205,0.005629701760071134,2.7429112275617304e-06,0.0,2.0583691959912487e-07,0.0
ppo,44,176,5632,0,0.995248772302052,0.9958083889803535,0.029781717509911737,1.0688305711581978,-0.0025085005508981833,7.986932996066928e-05,0.0,8.855550505280052e-08,0.0
ppo,45,180,5760,0,0.995537842517531,0.9960517752943302,0.0283424642288548,1.0702698244392548,0.03473333467754189,0.02916104801750828,0.0,1.2617145191921487e-05,0.0
ppo,46,184,5888,0,0.995896416169073,0.9963523650289667,0.026510304998409707,1.0721019836697,-0.004817160780935195,0.014149817778954908,0.0,1.757849783332134e-05,0.0
ppo,47,188,6016,0,0.996140847217075,0.9965573283873796,0.025232055381962645,1.073380233286147,-0.02571351861468407,0.0004062349383601424,0.0,8.620888958282191e-06,0.0
ppo,48,192,6144,0,0.996291969247081,0.9966843803934738,0.02443084614923778,1.0741814425188718,0.00567194990736662,0.0005604802997098614,0.0,3.5084617491995923e-06,0.0
ppo,49,196,6272,0,0.996387011892707,0.9967643683226818,0.023922733525204562,1.0746895551429054,0.017634665646929573,0.00021238656765382112,0.0,1.4455563955677326e-06,0.0
ppo,50,200,6400,0,0.9964481248922408,0.9968158414758217,0.023594298844423753,1.075017989823686,-0.0003061274728750216,0.000163018114903763,0.0,6.157340197350283e-07,0.0
ppo,51,204,6528,0,0.9964881775365988,0.9968496255701429,0.023378124392630196,1.07523416427548,-0.009257882339961901,0.00018362405873899483,0.0,2.6997702755331115e-07,0.0
ppo,52,208,6656,0,0.9965144201922289,0.9968717852115503,0.023235994546801014,1.0753762941213088,-0.0022009391061233534,4.915710004404519e-05,0.0,1.1686043577931051e-07,0.0
ppo,53,212,6784,0,0.9965314938415578,0.9968861961332486,0.023143396548141733,1.075468892119968,0.004712526167803375,7.731093050945098e-05,0.0,4.9639283541055027e-08,0.0
ppo,54,216,6912,0,0.9965724562371057,0.9969288888629316,0.022866527601597148,1.0757457610665129,0.00781357518025701,0.0028338208075514427,0.0,1.2051885282597175e-06,0.0
ppo,55,220,7040,0,0.9966536598597324,0.9970056473754483,0.022352480925187178,1.0762598077429226,0.0089364562328865,0.012706252672309716,0.0,4.62458103333926e-06,0.0
ppo,56,224,7168,0,0.996815680416381,0.9971404380365326,0.021474913334588064,1.0771373753335218,0.0018878686254860718,0.01324817471539599,0.0,6.8813465399922085e-06,0.0
ppo,57,228,7296,0,0.9969566255354785,0.9972559245502745,0.020721627975300274,1.0778906606928096,-0.01140140139142398,0.0008219087484672609,0.0,5.557964950995758e-06,0.0
ppo,58,232,7424,0,0.9970427913696721,0.99732702147908,0.02025227832855055,1.0783600103395594,0.0009464838347280396,0.0002122396473849317,0.0,2.242930969325014e-06,0.0
ppo,59,236,7552,0,0.9970966623015229,0.9973716475040763,0.01995533085866349,1.0786569578094463,0.008054134872589009,0.0003138639007041085,0.0,9.22767407371854e-07,0.0
ppo,60,240,7680,0,0.997130884916728,0.9974000604614295,0.01976522884781471,1.078847059820295,-0.002362026133094068,9.843809877125372e-05,0.0,3.8514565708172396e-07,0.0
ppo,61,244,7808,0,0.9971530782403266,0.9974185322795251,0.019641226183425824,1.0789710624846838,-0.004752041874994235,0.0001525602241514229,0.0,1.6536120961810955e-07,0.0
ppo,62,248,7936,0,0.9971676344169369,0.9974306728269902,0.019559584273413665,1.0790527043946962,0.0021806929677847214,1.994708055950522e-05,0.0,7.209592230729442e-08,0.0
ppo,63,252,8064,0,0.9971771363344257,0.9974385989630894,0.019506207488339575,1.0791060811797701,0.0026089664881765295,9.131248285048117e-05,0.0,3.1064427311747346e-08,0.0
ppo,64,256,8192,0,0.9971833043215526,0.9974437377765832,0.019471540591261785,1.0791407480768482,0.0001255109168770628,2.9529456779367597e-06,0.0,1.3202226874846413e-08,0.0
ppo,65,260,8320,0,0.9971873838886913,0.9974471405185077,0.019448570419259167,1.0791637182488505,-0.0016763374934519323,3.639652113814635e-05,0.0,5.793930341602446e-09,0.0
ppo,66,264,8448,0,0.9971901169350657,0.9974494251754586,0.019433158491224026,1.0791791301768856,0.0006566391635749385,4.338286356551553e-06,0.0,2.597858500752051e-09,0.0
ppo,67,268,8576,0,0.9971919078078785,0.9974509203044974,0.019423068260265956,1.079189220407844,0.0006990386520770068,1.4574752778575978e-05,0.0,1.1174724819173928e-09,0.0
ppo,68,272,8704,0,0.9972612763375138,0.9975064071393149,0.019055839714733906,1.0795564489533758,0.015694269036612894,0.012742430871325476,0.0,2.6149431496937406e-06,0.0
ppo,69,276,8832,0,0.9973335699566944,0.9975648079596955,0.018663891525141477,1.0799483971429684,-0.011079438454879312,0.0005090725642894466,0.0,3.1769214929559767e-06,0.0
ppo,70,280,8960,0,0.9974698968414464,0.9976746145437503,0.017936359147280485,1.0806759295208292,0.008646656846347155,0.012979085642007537,0.0,5.7019764202105e-06,0.0
ppo,71,284,9088,0,0.9976278531877448,0.9978134200513048,0.0170111309516702,1.0816011577164395,0.001500765138989828,0.0031887988264876015,0.0,1.1298328271543121e-05,0.0
ppo,72,288,9216,0,0.9977348619722939,0.9979110101908942,0.016348656446019672,1.08226363222209,-0.007308677022903463,0.0003727069036480391,0.0,6.644204178887156e-06,0.0
ppo,73,292,9344,0,0.9977984398289123,0.9979688743650216,0.01594940653276651,1.0826628821353435,0.0024688830120558935,0.0001413355748023757,0.0,2.5487809284680127e-06,0.0
ppo,74,296,9472,0,0.9978376074250422,0.998004472872752,0.015701233774522275,1.0829110548935876,0.001592255933542135,0.0002033806909910198,0.0,1.019258295674293e-06,0.0
ppo,75,300,9600,0,0.9978623477599382,0.9980269359774686,0.015543569652215889,1.0830687190158939,-0.0026391524890538873,3.291930245912584e-05,0.0,4.2363997339765747e-07,0.0
ppo,76,304,9728,0,0.9978782472686964,0.9980413651486866,0.015441849152689917,1.0831704395154198,-0.002006748548947275,0.00014145592222622965,0.0,1.7948127843801299e-07,0.0
ppo,77,308,9856,0,0.9978885469630911,0.9980507103933829,0.015375792620537891,1.0832364960475722,0.0027503098067204277,1.0213020682702586e-05,0.0,7.58606798760358e-08,0.0
ppo,78,312,9984,0,0.9978952633946404,0.9980568021947169,0.015332650294078331,1.0832796383740315,-0.0013008419894306512,3.6833543917828215e-05,0.0,3.266090897195962e-08,0.0
ppo,79,316,10112,0,0.9978996624938085,0.9980607899388951,0.015304365282736383,1.0833079233853735,-7.623957207036211e-05,2.6668010322752198e-05,0.0,1.4280577268182999e-08,0.0
ppo,80,320,10240,0,0.9979334806292983,0.998097956445089,0.015052299758032612,1.0835599889100773,0.006268708688975185,0.0027413374177448387,0.0,1.554936460314503e-06,0.0
ppo,81,324,10368,0,0.9979685692684768,0.9981364721859236,0.014787776888950811,1.083824511779159,-0.005547393156132597,3.710728313498739e-05,0.0,1.9098970218019664e-06,0.0
ppo,82,328,10496,0,0.9979901656621856,0.9981600023848475,0.014624170799136986,1.083988117868973,-0.0019420383278809282,5.808486508221666e-05,0.0,7.590047921273268e-07,0.0
ppo,83,332,10624,0,0.998027857279627,0.9982009892387357,0.014335359318378045,1.0842769293497316,0.010870187509604883,0.0026701529727411683,0.0,2.684298704650072e-06,0.0
ppo,84,336,10752,0,0.9980610225393123,0.998236657308752,0.014079389305091537,1.084532899363018,-0.0058096128588067605,0.00016770635966044042,0.0,2.2980002941929137e-06,0.0
ppo,85,340,10880,0,0.9980810255122294,0.9982579379333364,0.013924412651355075,1.0846878760167546,-0.004539287908888388,6.850759243895393e-05,0.0,8.87924396598473e-07,0.0
ppo,86,344,11008,0,0.9980934536985622,0.9982710660726748,0.013827909486580692,1.0847843791815293,0.00434805696708368,5.480889223550703e-05,0.0,3.5642507333221754e-07,0.0
ppo,87,348,11136,0,0.9981013199673341,0.9982793381073629,0.013766734484796901,1.0848455541833129,0.002387869626461233,2.0047088177055846e-05,0.0,1.4680119414345568e-07,0.0
ppo,88,352,11264,0,0.9981063926099674,0.9982846537791813,0.013727269400028833,1.084885019268081,-0.0031534219880695277,2.4476569014462533e-05,0.0,6.196032478638677e-08,0.0
ppo,89,356,11392,0,0.9981097031301975,0.998288113226382,0.013701520749252285,1.0849107679188574,-0.0016525380965203582,1.4884001933207062e-05,0.0,2.656293864780339e-08,0.0
ppo,90,360,11520,0,0.9981819973660637,0.998346147472561,0.013309089275364883,1.0853031993927447,0.018361281330391763,0.01279790598980989,0.0,3.027878162514846e-06,0.0
ppo,91,364,11648,0,0.9982556319872895,0.9984056837993631,0.012900756119887342,1.0857115325482227,-0.010629361670503478,0.0003575758476271666,0.0,3.6252251318833074e-06,0.0
ppo,92,368,11776,0,0.9983555144872316,0.9984949121687361,0.01226736453503672,1.0863449241330732,0.012124498536090808,0.014612823894457996,0.0,5.497401363406846e-06,0.0
ppo,93,372,11904,0,0.9984378128216536,0.9985699041690231,0.011723335602145689,1.0868889530659642,-0.010879411177730124,0.000778695813358412,0.0,5.279518105670299e-06,0.0
ppo,94,376,12032,0,0.9984863740375421,0.9986141123881085,0.011398008448030551,1.087214280220079,-0.0007085990628063886,0.0007408520416303917,0.0,2.0013804303651766e-06,0.0
ppo,95,380,12160,0,0.998532769925574,0.9986584635427479,0.011067035812111804,1.087545252855998,0.013188566942793606,0.002630795976579012,0.0,1.5530025451907523e-06,0.0
ppo,96,384,12288,0,0.9985694481013071,0.9986939275778071,0.010799605137149313,1.0878126835309603,-0.010249021020030714,0.000380897694932587,0.0,1.2483579940449525e-06,0.0
ppo,97,388,12416,0,0.998592488565586,0.9987160613944647,0.01063155741380879,1.087980731254301,-0.004520495896650163,0.00011698582352452495,0.0,5.013360887482748e-07,0.0
ppo,98,392,12544,0,0.9986071692515441,0.9987301054248794,0.010524460284472958,1.0880878283836368,0.009901541402308176,0.00011926484362585776,0.0,2.0630459953727133e-07,0.0
ppo,99,396,12672,0,0.9986166551471469,0.9987391541477277,0.010455275974518131,1.0881570126935918,-0.0010020930439853153,6.588058531530554e-05,0.0,8.660130734783278e-08,0.0
ppo,100,400,12800,0,0.998641415461722,0.9987608951354877,0.010284480161269066,1.0883278085068409,0.008477829763369745,0.011950075114785661,0.0,9.71654934855249e-07,0.0
ppo,101,404,12928,0,0.9986644490998908,0.9987811499708993,0.010123229033098256,1.0884890596350116,-0.008953216679296022,0.00010177957500280854,0.0,1.0520343454682176e-06,0.0
ppo,102,408,13056,0,0.9986782835858339,0.9987934426780603,0.010024536932845256,1.0885877517352645,0.0005771835399160392,0.0003077254633108552,0.0,4.09096145558203e-07,0.0
ppo,103,412,13184,0,0.9986969030078903,0.9988126186677571,0.009872065631605633,1.088740223036504,0.015026979829900497,0.002493680427780772,0.0,1.1284029072940178e-06,0.0
ppo,104,416,13312,0,0.998712477603145,0.9988290891376669,0.009739597976463541,1.0888726906916464,-0.008252322880957992,0.00040415899229000765,0.0,9.95310903330053e-07,0.0
ppo,105,420,13440,0,0.9987218595085106,0.9988389520630607,0.009659264746695883,1.0889530239214138,-0.005611941522217669,0.00010941324427010641,0.0,3.8780702605402576e-07,0.0
ppo,106,424,13568,0,0.9987276807605042,0.9988450471609099,0.00960920743259836,1.0890030812355112,0.007314813094415176,0.00011146767554639935,0.0,1.5657832059905459e-07,0.0
ppo,107,428,13696,0,0.9987313688387636,0.9988488981223729,0.009577412504864566,1.0890348761632453,0.0030400347121269694,0.00015512546692773738,0.0,6.474191259075287e-08,0.0
ppo,108,432,13824,0,0.9987337460011465,0.9988513760839097,0.00955688803186111,1.0890554006362487,-0.006536848319634576,4.139985059964289e-06,0.0,2.7368826350008734e-08,0.0
ppo,109,436,13952,0,0.9987352907047006,0.9988529843175624,0.009543539609437471,1.0890687490586721,0.001685942922041643,6.411750482606375e-05,0.0,1.1679632691055967e-08,0.0
ppo,110,440,14080,0,0.9987362941969495,0.9988540281298095,0.009534860297038298,1.0890774283710714,0.0038029385916774107,3.098516722680207e-06,0.0,4.984649722206694e-09,0.0
ppo,111,444,14208,0,0.9987672293514086,0.998887474703327,0.00929585483013636,1.0893164338379735,0.0038933866173314945,0.0026522085509886276,0.0,1.8575134606282614e-06,0.0
ppo,112,448,14336,0,0.9987993335936075,0.998921806320917,0.009046663522581017,1.0895656251455288,-0.01088426308782745,1.286385434421496e-05,0.0,2.2138851524187625e-06,0.0
ppo,113,452,14464,0,0.9988186368760152,0.9989422351755325,0.008896169182569606,1.0897161194855403,0.003701301116509078,0.00013308725518969088,0.0,8.51811464515089e-07,0.0
ppo,114,456,14592,0,0.9988305871416933,0.998954798151923,0.008802742891705947,1.0898095457764039,0.005081628738050872,3.0811481917990946e-05,0.0,3.402650310983173e-07,0.0
ppo,115,460,14720,0,0.9988381740713776,0.9989627354324861,0.008743355535132774,1.0898689331329767,-0.005089532726201003,1.8095729388688738e-05,0.0,1.4059424886609333e-07,0.0
ppo,116,464,14848,0,0.9988430646949511,0.998967834062739,0.008705056348642297,1.0899072323194674,-0.0002437570966622419,3.818383976928231e-05,0.0,5.927405111234699e-08,0.0
ppo,117,468,14976,0,0.9988462169544239,0.998971116141485,0.008680338946986032,1.0899319497211237,0.004395302351229024,5.4209797306808606e-06,0.0,2.4976667218629963e-08,0.0
ppo,118,472,15104,0,0.9988482700514694,0.9989732512571221,0.008664231677560539,1.089948056990549,-0.0020363132431590256,1.550710028481838e-05,0.0,1.068394609085775e-08,0.0
ppo,119,476,15232,0,0.9988496252659054,0.9989746578125821,0.008653608846681376,1.0899586798214285,-0.001339834433931796,6.414600934714121e-06,0.0,4.6542831052709925e-09,0.0
ppo,120,480,15360,0,0.99885050831871,0.9989755746792244,0.008646679537353352,1.0899656091307564,0.0022407055442133102,8.610314668351705e-07,0.0,1.989139685476378e-09,0.0
