step,time,replan_reason,joint_error_rad,max_velocity_bound_violation,solver_violation
1,0.02,initial,0.5255238910032685,0.0,0.0
2,0.04,reused,0.5182839379855652,0.0,0.0
3,0.06,reused,0.5074573486655578,0.0,0.0
4,0.08,reused,0.4930882284426263,5.566380689714379e-12,5.566380689714379e-12
5,0.1,reused,0.47524309706554346,0.0,0.0
6,0.12000000000000001,periodic,0.45407987401613475,2.7200464103316335e-15,2.7200464103316335e-15
7,0.14,reused,0.4300866648717196,0.0,0.0
8,0.16,reused,0.40329158605888793,0.0,0.0
9,0.18,reused,0.3737495742177388,1.1131162658273297e-09,1.1131162658273297e-09
10,0.19999999999999998,reused,0.3415573479195076,0.0,0.0
11,0.21999999999999997,periodic,0.3090891827867107,1.5987211554602254e-14,1.5987211554602254e-14
12,0.23999999999999996,reused,0.2756406838608431,1.62222457689154e-11,1.62222457689154e-11
13,0.25999999999999995,reused,0.24154127535106945,9.8790420288708e-13,9.8790420288708e-13
14,0.27999999999999997,reused,0.20776286995322688,1.0396405958346122e-12,1.0396405958346122e-12
15,0.3,reused,0.17423219131324194,0.0,0.0
16,0.32,periodic,0.14402644158334152,7.763234499691407e-14,7.763234499691407e-14
17,0.34,reused,0.11708222127635436,9.262590694447681e-13,9.262590694447681e-13
18,0.36000000000000004,reused,0.09335265073398878,9.777734177873754e-13,9.777734177873754e-13
19,0.38000000000000006,reused,0.07282387265449838,1.0292877661299826e-12,1.0292877661299826e-12
20,0.4000000000000001,reused,0.05375820067143053,1.0205170042354439e-12,1.0205170042354439e-12
21,0.4200000000000001,periodic,0.03782376376958703,0.0,0.0
22,0.4400000000000001,reused,0.024996808448779273,9.43536915265497e-13,9.43536915265497e-13
23,0.46000000000000013,reused,0.015344655296087783,9.952941248947411e-13,9.952941248947411e-13
24,0.48000000000000015,reused,0.009664416687954777,9.687806112879116e-13,9.687806112879116e-13
25,0.5000000000000001,reused,0.010406649442057062,1.0204614930842126e-12,1.0204614930842126e-12
26,0.5200000000000001,periodic,0.013214405556743719,0.0,0.0
27,0.5400000000000001,reused,0.015115008297639908,9.396095013158856e-13,9.396095013158856e-13
28,0.5600000000000002,reused,0.015210473308943057,9.91345894263418e-13,9.91345894263418e-13
29,0.5800000000000002,reused,0.013382146470113704,0.0,0.0
30,0.6000000000000002,reused,0.011638372757440974,0.0,0.0
31,0.6200000000000002,periodic,0.01019979220850018,0.0,0.0
32,0.6400000000000002,reused,0.008761211544473114,0.0,0.0
33,0.6600000000000003,reused,0.00732263077456663,0.0,0.0
34,0.6800000000000003,reused,0.005884049907251068,0.0,0.0
35,0.7000000000000003,reused,0.00444546895031916,0.0,0.0
36,0.7200000000000003,periodic,0.0038959793183627124,0.0,0.0
37,0.7400000000000003,reused,0.0033464896424471075,0.0,0.0
38,0.7600000000000003,reused,0.0027969999260890202,0.0,0.0
39,0.7800000000000004,reused,0.002247510172523934,0.0,0.0
40,0.8000000000000004,reused,0.0016980203847283958,0.0,0.0
41,0.8200000000000004,periodic,0.0014881337323444665,0.0,0.0
42,0.8400000000000004,reused,0.0012782470631696589,0.0,0.0
43,0.8600000000000004,reused,0.001068360378547275,0.0,0.0
44,0.8800000000000004,reused,0.0008584736797129472,0.0,0.0
45,0.9000000000000005,reused,0.0006485869678038086,0.0,0.0
46,0.9200000000000005,periodic,0.0005684172898208904,0.0,0.0
47,0.9400000000000005,reused,0.0004882476054243702,0.0,0.0
48,0.9600000000000005,reused,0.00040807791512742795,0.0,0.0
49,0.9800000000000005,reused,0.0003279082194019769,0.0,0.0
50,1.0000000000000004,reused,0.00024773851868239435,0.0,0.0
51,1.0200000000000005,periodic,0.00021711638433083858,0.0,0.0
52,1.0400000000000005,reused,0.00018649424752950305,0.0,0.0
53,1.0600000000000005,reused,0.00015587210847447893,0.0,0.0
54,1.0800000000000005,reused,0.00012524996734589443,0.0,0.0
55,1.1000000000000005,reused,9.462782430970399e-05,0.0,0.0
56,1.1200000000000006,periodic,8.293119366539145e-05,0.0,0.0
57,1.1400000000000006,reused,7.12345620852996e-05,0.0,0.0
58,1.1600000000000006,reused,5.9537929644327315e-05,0.0,0.0
59,1.1800000000000006,reused,4.7841296411438964e-05,0.0,0.0
60,1.2000000000000006,reused,3.6144662449886604e-05,0.0,0.0
61,1.2200000000000006,periodic,3.1676940936407416e-05,0.0,0.0
62,1.2400000000000007,reused,2.7209219065541487e-05,0.0,0.0
63,1.2600000000000007,reused,2.274149686583e-05,0.0,0.0
64,1.2800000000000007,reused,1.8273774363632755e-05,0.0,0.0
65,1.3000000000000007,reused,1.3806051583047934e-05,0.0,0.0
66,1.3200000000000007,periodic,1.2099531463823393e-05,0.0,0.0
67,1.3400000000000007,reused,1.0393011208089873e-05,0.0,0.0
68,1.3600000000000008,reused,8.686490826698619e-06,0.0,0.0
69,1.3800000000000008,reused,6.979970329788569e-06,0.0,0.0
70,1.4000000000000008,reused,5.27344972652724e-06,0.0,0.0
71,1.4200000000000008,periodic,4.621616144519194e-06,0.0,0.0
72,1.4400000000000008,reused,3.9697825103918476e-06,0.0,0.0
73,1.4600000000000009,reused,3.317948828266408e-06,0.0,0.0
74,1.4800000000000009,reused,2.6661151020479274e-06,0.0,0.0
75,1.5000000000000009,reused,2.0142813352095044e-06,0.0,0.0
76,1.520000000000001,periodic,1.76530271856925e-06,0.0,0.0
77,1.540000000000001,reused,1.5163240820815755e-06,0.0,0.0
78,1.560000000000001,reused,1.2673454272573564e-06,0.0,0.0
79,1.580000000000001,reused,1.0183667555641628e-06,0.0,0.0
80,1.600000000000001,reused,7.693880682952082e-07,0.0,0.0
81,1.620000000000001,periodic,6.74286568048428e-07,0.0,0.0
82,1.640000000000001,reused,5.791850602521469e-07,0.0,0.0
83,1.660000000000001,reused,4.84083545423423e-07,0.0,0.0
84,1.680000000000001,reused,3.8898202418645886e-07,0.0,0.0
85,1.700000000000001,reused,2.938804969108692e-07,0.0,0.0
86,1.720000000000001,periodic,2.5755490610811813e-07,0.0,0.0
87,1.740000000000001,reused,2.2122931234932552e-07,0.0,0.0
88,1.7600000000000011,reused,1.8490371598170192e-07,0.0,0.0
89,1.7800000000000011,reused,1.4857811715419387e-07,0.0,0.0
90,1.8000000000000012,reused,1.1225251601875407e-07,0.0,0.0
91,1.8200000000000012,periodic,9.837735592388059e-08,0.0,0.0
92,1.8400000000000012,reused,8.450219468624332e-08,0.0,0.0
93,1.8600000000000012,reused,7.062703245478874e-08,0.0,0.0
94,1.8800000000000012,reused,5.6751869253424104e-08,0.0,0.0
95,1.9000000000000012,reused,4.2876705059745266e-08,0.0,0.0
96,1.9200000000000013,periodic,3.75768581839494e-08,0.0,0.0
97,1.9400000000000013,reused,3.227701081199644e-08,0.0,0.0
98,1.9600000000000013,reused,2.6977163116740122e-08,0.0,0.0
99,1.9800000000000013,reused,2.167731509667735e-08,0.0,0.0
100,2.0000000000000013,reused,1.6377466753311215e-08,0.0,0.0
101,2.0200000000000014,periodic,1.435310261451543e-08,0.0,0.0
102,2.0400000000000014,reused,1.2328738302865911e-08,0.0,0.0
103,2.0600000000000014,reused,1.0304373840766769e-08,0.0,0.0
104,2.0800000000000014,reused,8.28000920581389e-09,0.0,0.0
105,2.1000000000000014,reused,6.255644420411389e-09,0.0,0.0
106,2.1200000000000014,periodic,5.482404940849524e-09,0.0,0.0
107,2.1400000000000015,reused,4.709165461287659e-09,0.0,0.0
108,2.1600000000000015,reused,3.9359259817257944e-09,0.0,0.0
109,2.1800000000000015,reused,3.1626863532174018e-09,0.0,0.0
110,2.2000000000000015,reused,2.3894467232059135e-09,0.0,0.0
111,2.2200000000000015,periodic,2.094095208007014e-09,0.0,0.0
112,2.2400000000000015,reused,1.798743692808115e-09,0.0,0.0
113,2.2600000000000016,reused,1.503392027159594e-09,0.0,0.0
114,2.2800000000000016,reused,1.2080403615110762e-09,0.0,0.0
115,2.3000000000000016,reused,9.126886734584447e-10,0.0,0.0
116,2.3200000000000016,periodic,7.998742779375334e-10,0.0,0.0
117,2.3400000000000016,reused,6.870598600125046e-10,0.0,0.0
118,2.3600000000000017,reused,5.74245442087479e-10,0.0,0.0
119,2.3800000000000017,reused,4.61431024162459e-10,0.0,0.0
120,2.4000000000000017,reused,3.486166062374501e-10,0.0,0.0
121,2.4200000000000017,periodic,3.0552523276667485e-10,0.0,0.0
122,2.4400000000000017,reused,2.6243385929590337e-10,0.0,0.0
123,2.4600000000000017,reused,2.1934248582513789e-10,0.0,0.0
124,2.4800000000000018,reused,1.7625111235438272e-10,0.0,0.0
125,2.5000000000000018,reused,1.3315973888364794e-10,0.0,0.0
126,2.520000000000002,periodic,1.1670036270586251e-10,0.0,0.0
127,2.540000000000002,reused,1.002409865280811e-10,0.0,0.0
128,2.560000000000002,reused,8.378161035030608e-11,0.0,0.0
129,2.580000000000002,reused,6.732223417254215e-11,0.0,0.0
130,2.600000000000002,reused,5.0862835590680325e-11,0.0,0.0
131,2.620000000000002,periodic,4.4575883767273e-11,0.0,0.0
132,2.640000000000002,reused,3.828893194389829e-11,0.0,0.0
133,2.660000000000002,reused,3.200198012057544e-11,0.0,0.0
134,2.680000000000002,reused,2.571502829734247e-11,0.0,0.0
135,2.700000000000002,reused,1.942807647428664e-11,0.0,0.0
136,2.720000000000002,periodic,1.7026618082727982e-11,0.0,0.0
137,2.740000000000002,reused,1.462515969119765e-11,0.0,0.0
138,2.760000000000002,reused,1.2223701299712346e-11,0.0,0.0
139,2.780000000000002,reused,9.822242908305097e-12,0.0,0.0
140,2.800000000000002,reused,7.420784517051678e-12,0.0,0.0
141,2.820000000000002,periodic,6.503535522274954e-12,0.0,0.0
142,2.840000000000002,reused,5.58628652768136e-12,0.0,0.0
143,2.860000000000002,reused,4.669037533378823e-12,0.0,0.0
144,2.880000000000002,reused,3.75178853958082e-12,0.0,0.0
145,2.900000000000002,reused,2.834539546777148e-12,0.0,0.0
146,2.920000000000002,periodic,2.48420764885729e-12,0.0,0.0
147,2.940000000000002,reused,2.1338757516682264e-12,0.0,0.0
148,2.960000000000002,reused,1.7835438556405958e-12,0.0,0.0
149,2.980000000000002,reused,1.4332119616260936e-12,0.0,0.0
150,3.000000000000002,reused,1.0828800715785746e-12,0.0,0.0
151,3.0200000000000022,periodic,9.490247231092182e-13,0.0,0.0
152,3.0400000000000023,reused,8.151693766983154e-13,0.0,0.0
153,3.0600000000000023,reused,6.813140335591169e-13,0.0,0.0
154,3.0800000000000023,reused,5.474586960914485e-13,0.0,0.0
155,3.1000000000000023,reused,4.135809511052676e-13,0.0,0.0
156,3.1200000000000023,periodic,3.624554615108124e-13,0.0,0.0
157,3.1400000000000023,reused,3.1132997502388715e-13,0.0,0.0
158,3.1600000000000024,reused,2.6020449347621247e-13,0.0,0.0
159,3.1800000000000024,reused,2.0907902049112986e-13,0.0,0.0
160,3.2000000000000024,reused,1.579535643831067e-13,0.0,0.0
161,3.2200000000000024,periodic,1.384518444819943e-13,0.0,0.0
162,3.2400000000000024,reused,1.189501259165391e-13,0.0,0.0
163,3.2600000000000025,reused,9.944840947250367e-14,0.0,0.0
164,3.2800000000000025,reused,7.994669670234711e-14,0.0,0.0
165,3.3000000000000025,reused,6.044499116204313e-14,0.0,0.0
166,3.3200000000000025,periodic,5.291636704997489e-14,0.0,0.0
167,3.3400000000000025,reused,4.538775852833506e-14,0.0,0.0
168,3.3600000000000025,reused,3.7859174897979805e-14,0.0,0.0
169,3.3800000000000026,reused,3.033063469424576e-14,0.0,0.0
170,3.4000000000000026,reused,2.2952501742592876e-14,0.0,0.0
171,3.4200000000000026,periodic,2.0169425080084967e-14,0.0,0.0
172,3.4400000000000026,reused,1.7386425771135323e-14,0.0,0.0
173,3.4600000000000026,reused,1.460354803963211e-14,0.0,0.0
174,3.4800000000000026,reused,1.1820877751380975e-14,0.0,0.0
175,3.5000000000000027,reused,9.016077367275442e-15,0.0,0.0
176,3.5200000000000027,periodic,7.873195718262682e-15,0.0,0.0
177,3.5400000000000027,reused,6.7303694023424734e-15,0.0,0.0
178,3.5600000000000027,reused,5.587632371089777e-15,0.0,0.0
179,3.5800000000000027,reused,4.44505348510651e-15,0.0,0.0
180,3.6000000000000028,reused,3.3027968761353315e-15,0.0,0.0
181,3.6200000000000028,periodic,2.9561968330359063e-15,0.0,0.0
182,3.640000000000003,reused,2.610795139258403e-15,0.0,0.0
183,3.660000000000003,reused,2.1152589550219202e-15,0.0,0.0
184,3.680000000000003,reused,1.7728839976828627e-15,0.0,0.0
185,3.700000000000003,reused,1.2971092472944172e-15,0.0,0.0
186,3.720000000000003,periodic,1.1457372517703787e-15,0.0,0.0
187,3.740000000000003,reused,9.961119953842058e-16,0.0,0.0
188,3.760000000000003,reused,8.233634315563857e-16,0.0,0.0
189,3.780000000000003,reused,6.753223014464259e-16,0.0,0.0
190,3.800000000000003,reused,5.026748538604307e-16,0.0,0.0
191,3.820000000000003,periodic,5.026748538604307e-16,0.0,0.0
192,3.840000000000003,reused,5.026748538604307e-16,0.0,0.0
193,3.860000000000003,reused,5.026748538604307e-16,0.0,0.0
194,3.880000000000003,reused,5.026748538604307e-16,0.0,0.0
195,3.900000000000003,reused,5.026748538604307e-16,0.0,0.0
196,3.920000000000003,periodic,5.026748538604307e-16,0.0,0.0
197,3.940000000000003,reused,5.026748538604307e-16,0.0,0.0
198,3.960000000000003,reused,5.026748538604307e-16,0.0,0.0
199,3.980000000000003,reused,5.026748538604307e-16,0.0,0.0
200,4.000000000000003,reused,5.026748538604307e-16,0.0,0.0
201,4.020000000000002,periodic,5.026748538604307e-16,0.0,0.0
202,4.040000000000002,reused,5.026748538604307e-16,0.0,0.0
203,4.060000000000001,reused,5.026748538604307e-16,0.0,0.0
204,4.080000000000001,reused,5.026748538604307e-16,0.0,0.0
205,4.1000000000000005,reused,5.026748538604307e-16,0.0,0.0
206,4.12,periodic,5.026748538604307e-16,0.0,0.0
207,4.14,reused,5.026748538604307e-16,0.0,0.0
208,4.159999999999999,reused,5.026748538604307e-16,0.0,0.0
209,4.179999999999999,reused,5.026748538604307e-16,0.0,0.0
210,4.199999999999998,reused,5.026748538604307e-16,0.0,0.0
211,4.219999999999998,periodic,5.026748538604307e-16,0.0,0.0
212,4.2399999999999975,reused,5.026748538604307e-16,0.0,0.0
213,4.259999999999997,reused,5.026748538604307e-16,0.0,0.0
214,4.279999999999997,reused,5.026748538604307e-16,0.0,0.0
215,4.299999999999996,reused,5.026748538604307e-16,0.0,0.0
216,4.319999999999996,periodic,5.026748538604307e-16,0.0,0.0
217,4.339999999999995,reused,5.026748538604307e-16,0.0,0.0
218,4.359999999999995,reused,5.026748538604307e-16,0.0,0.0
219,4.379999999999995,reused,5.026748538604307e-16,0.0,0.0
220,4.399999999999994,reused,5.026748538604307e-16,0.0,0.0
221,4.419999999999994,periodic,5.026748538604307e-16,0.0,0.0
222,4.439999999999993,reused,5.026748538604307e-16,0.0,0.0
223,4.459999999999993,reused,5.026748538604307e-16,0.0,0.0
224,4.479999999999992,reused,5.026748538604307e-16,0.0,0.0
225,4.499999999999992,reused,5.026748538604307e-16,0.0,0.0
226,4.519999999999992,periodic,5.026748538604307e-16,0.0,0.0
227,4.539999999999991,reused,5.026748538604307e-16,0.0,0.0
228,4.559999999999991,reused,5.026748538604307e-16,0.0,0.0
229,4.57999999999999,reused,5.026748538604307e-16,0.0,0.0
230,4.59999999999999,reused,5.026748538604307e-16,0.0,0.0
231,4.6199999999999894,periodic,5.026748538604307e-16,0.0,0.0
232,4.639999999999989,reused,5.026748538604307e-16,0.0,0.0
233,4.659999999999989,reused,5.026748538604307e-16,0.0,0.0
234,4.679999999999988,reused,5.026748538604307e-16,0.0,0.0
235,4.699999999999988,reused,5.026748538604307e-16,0.0,0.0
236,4.719999999999987,periodic,5.026748538604307e-16,0.0,0.0
237,4.739999999999987,reused,5.026748538604307e-16,0.0,0.0
238,4.7599999999999865,reused,5.026748538604307e-16,0.0,0.0
239,4.779999999999986,reused,5.026748538604307e-16,0.0,0.0
240,4.799999999999986,reused,5.026748538604307e-16,0.0,0.0
241,4.819999999999985,periodic,5.026748538604307e-16,0.0,0.0
242,4.839999999999985,reused,5.026748538604307e-16,0.0,0.0
243,4.859999999999984,reused,5.026748538604307e-16,0.0,0.0
244,4.879999999999984,reused,5.026748538604307e-16,0.0,0.0
245,4.8999999999999835,reused,5.026748538604307e-16,0.0,0.0
246,4.919999999999983,periodic,5.026748538604307e-16,0.0,0.0
247,4.939999999999983,reused,5.026748538604307e-16,0.0,0.0
248,4.959999999999982,reused,5.026748538604307e-16,0.0,0.0
249,4.979999999999982,reused,5.026748538604307e-16,0.0,0.0
250,4.999999999999981,reused,5.026748538604307e-16,0.0,0.0
