id,group,routing_score,acceptable
validation-95-01,validation,0.95,True
validation-95-02,validation,0.95,True
validation-95-03,validation,0.95,True
validation-95-04,validation,0.95,True
validation-95-05,validation,0.95,True
validation-95-06,validation,0.95,True
validation-95-07,validation,0.95,True
validation-95-08,validation,0.95,True
validation-95-09,validation,0.95,True
validation-95-10,validation,0.95,True
validation-85-01,validation,0.85,True
validation-85-02,validation,0.85,True
validation-85-03,validation,0.85,True
validation-85-04,validation,0.85,True
validation-85-05,validation,0.85,True
validation-85-06,validation,0.85,True
validation-85-07,validation,0.85,True
validation-85-08,validation,0.85,True
validation-85-09,validation,0.85,True
validation-85-10,validation,0.85,False
validation-65-01,validation,0.65,True
validation-65-02,validation,0.65,True
validation-65-03,validation,0.65,True
validation-65-04,validation,0.65,True
validation-65-05,validation,0.65,True
validation-65-06,validation,0.65,True
validation-65-07,validation,0.65,True
validation-65-08,validation,0.65,False
validation-65-09,validation,0.65,False
validation-65-10,validation,0.65,False
validation-45-01,validation,0.45,True
validation-45-02,validation,0.45,True
validation-45-03,validation,0.45,True
validation-45-04,validation,0.45,True
validation-45-05,validation,0.45,True
validation-45-06,validation,0.45,False
validation-45-07,validation,0.45,False
validation-45-08,validation,0.45,False
validation-45-09,validation,0.45,False
validation-45-10,validation,0.45,False
heldout-95-01,heldout,0.95,True
heldout-95-02,heldout,0.95,True
heldout-95-03,heldout,0.95,True
heldout-95-04,heldout,0.95,True
heldout-95-05,heldout,0.95,True
heldout-95-06,heldout,0.95,True
heldout-95-07,heldout,0.95,True
heldout-95-08,heldout,0.95,True
heldout-95-09,heldout,0.95,True
heldout-95-10,heldout,0.95,True
heldout-95-11,heldout,0.95,True
heldout-95-12,heldout,0.95,True
heldout-95-13,heldout,0.95,True
heldout-95-14,heldout,0.95,True
heldout-95-15,heldout,0.95,True
heldout-95-16,heldout,0.95,True
heldout-95-17,heldout,0.95,True
heldout-95-18,heldout,0.95,True
heldout-95-19,heldout,0.95,True
heldout-95-20,heldout,0.95,False
heldout-85-01,heldout,0.85,True
heldout-85-02,heldout,0.85,True
heldout-85-03,heldout,0.85,True
heldout-85-04,heldout,0.85,True
heldout-85-05,heldout,0.85,True
heldout-85-06,heldout,0.85,True
heldout-85-07,heldout,0.85,True
heldout-85-08,heldout,0.85,True
heldout-85-09,heldout,0.85,True
heldout-85-10,heldout,0.85,True
heldout-85-11,heldout,0.85,True
heldout-85-12,heldout,0.85,True
heldout-85-13,heldout,0.85,True
heldout-85-14,heldout,0.85,True
heldout-85-15,heldout,0.85,True
heldout-85-16,heldout,0.85,True
heldout-85-17,heldout,0.85,True
heldout-85-18,heldout,0.85,False
heldout-85-19,heldout,0.85,False
heldout-85-20,heldout,0.85,False
heldout-65-01,heldout,0.65,True
heldout-65-02,heldout,0.65,True
heldout-65-03,heldout,0.65,True
heldout-65-04,heldout,0.65,True
heldout-65-05,heldout,0.65,True
heldout-65-06,heldout,0.65,True
heldout-65-07,heldout,0.65,True
heldout-65-08,heldout,0.65,True
heldout-65-09,heldout,0.65,True
heldout-65-10,heldout,0.65,True
heldout-65-11,heldout,0.65,True
heldout-65-12,heldout,0.65,True
heldout-65-13,heldout,0.65,True
heldout-65-14,heldout,0.65,True
heldout-65-15,heldout,0.65,False
heldout-65-16,heldout,0.65,False
heldout-65-17,heldout,0.65,False
heldout-65-18,heldout,0.65,False
heldout-65-19,heldout,0.65,False
heldout-65-20,heldout,0.65,False
heldout-45-01,heldout,0.45,True
heldout-45-02,heldout,0.45,True
heldout-45-03,heldout,0.45,True
heldout-45-04,heldout,0.45,True
heldout-45-05,heldout,0.45,True
heldout-45-06,heldout,0.45,True
heldout-45-07,heldout,0.45,True
heldout-45-08,heldout,0.45,True
heldout-45-09,heldout,0.45,True
heldout-45-10,heldout,0.45,True
heldout-45-11,heldout,0.45,False
heldout-45-12,heldout,0.45,False
heldout-45-13,heldout,0.45,False
heldout-45-14,heldout,0.45,False
heldout-45-15,heldout,0.45,False
heldout-45-16,heldout,0.45,False
heldout-45-17,heldout,0.45,False
heldout-45-18,heldout,0.45,False
heldout-45-19,heldout,0.45,False
heldout-45-20,heldout,0.45,False
shifted-95-01,shifted,0.95,True
shifted-95-02,shifted,0.95,True
shifted-95-03,shifted,0.95,True
shifted-95-04,shifted,0.95,True
shifted-95-05,shifted,0.95,True
shifted-95-06,shifted,0.95,True
shifted-95-07,shifted,0.95,True
shifted-95-08,shifted,0.95,True
shifted-95-09,shifted,0.95,True
shifted-95-10,shifted,0.95,True
shifted-95-11,shifted,0.95,True
shifted-95-12,shifted,0.95,True
shifted-95-13,shifted,0.95,False
shifted-95-14,shifted,0.95,False
shifted-95-15,shifted,0.95,False
shifted-95-16,shifted,0.95,False
shifted-95-17,shifted,0.95,False
shifted-95-18,shifted,0.95,False
shifted-95-19,shifted,0.95,False
shifted-95-20,shifted,0.95,False
shifted-85-01,shifted,0.85,True
shifted-85-02,shifted,0.85,True
shifted-85-03,shifted,0.85,True
shifted-85-04,shifted,0.85,True
shifted-85-05,shifted,0.85,True
shifted-85-06,shifted,0.85,True
shifted-85-07,shifted,0.85,True
shifted-85-08,shifted,0.85,True
shifted-85-09,shifted,0.85,True
shifted-85-10,shifted,0.85,True
shifted-85-11,shifted,0.85,True
shifted-85-12,shifted,0.85,True
shifted-85-13,shifted,0.85,True
shifted-85-14,shifted,0.85,True
shifted-85-15,shifted,0.85,True
shifted-85-16,shifted,0.85,True
shifted-85-17,shifted,0.85,True
shifted-85-18,shifted,0.85,True
shifted-85-19,shifted,0.85,False
shifted-85-20,shifted,0.85,False
shifted-65-01,shifted,0.65,True
shifted-65-02,shifted,0.65,True
shifted-65-03,shifted,0.65,True
shifted-65-04,shifted,0.65,True
shifted-65-05,shifted,0.65,True
shifted-65-06,shifted,0.65,True
shifted-65-07,shifted,0.65,True
shifted-65-08,shifted,0.65,True
shifted-65-09,shifted,0.65,True
shifted-65-10,shifted,0.65,True
shifted-65-11,shifted,0.65,True
shifted-65-12,shifted,0.65,True
shifted-65-13,shifted,0.65,True
shifted-65-14,shifted,0.65,True
shifted-65-15,shifted,0.65,True
shifted-65-16,shifted,0.65,False
shifted-65-17,shifted,0.65,False
shifted-65-18,shifted,0.65,False
shifted-65-19,shifted,0.65,False
shifted-65-20,shifted,0.65,False
shifted-45-01,shifted,0.45,True
shifted-45-02,shifted,0.45,True
shifted-45-03,shifted,0.45,True
shifted-45-04,shifted,0.45,True
shifted-45-05,shifted,0.45,True
shifted-45-06,shifted,0.45,True
shifted-45-07,shifted,0.45,True
shifted-45-08,shifted,0.45,True
shifted-45-09,shifted,0.45,True
shifted-45-10,shifted,0.45,True
shifted-45-11,shifted,0.45,False
shifted-45-12,shifted,0.45,False
shifted-45-13,shifted,0.45,False
shifted-45-14,shifted,0.45,False
shifted-45-15,shifted,0.45,False
shifted-45-16,shifted,0.45,False
shifted-45-17,shifted,0.45,False
shifted-45-18,shifted,0.45,False
shifted-45-19,shifted,0.45,False
shifted-45-20,shifted,0.45,False
